Workbook

Sheet Hướng dẫn
A1: HƯỚNG DẪN NHẬP LIỆU NHANH
A2: Nguồn nhập duy nhất | B2: Trung tâm nhập liệu | G2: Cập nhật | H2: =TODAY() -> 46245
A4: 5 QUY TẮC QUAN TRỌNG
A5: 1 | B5: Tìm đúng công việc cha trước khi thêm việc con.
A6: 2 | B6: Điền đủ ô màu vàng; nhập đủ thì màu vàng tự mất.
A7: 3 | B7: Chỉ nhập % tại công việc con thấp nhất.
A8: 4 | B8: Việc định kỳ phải có Loại lịch, Chu kỳ và Nhật ký.
A9: 5 | B9: Không sửa ô công thức; thêm dòng bằng cách sao chép dòng mẫu gần nhất.
A11: QUAN HỆ CÁC LỚP
A12: L3 | B12: Công việc chính — không cần mã cha.
A13: L4 | B13: Chọn mã cha L3.
A14: L5 | B14: Chọn mã cha L4.
A15: L6 | B15: Chọn mã cha L5; đây thường là lớp nhập tác nghiệp chi tiết.
A17: PHẦN TRĂM HOÀN THÀNH
A18: Việc con thấp nhất | B18: Nhập mức thực tế: 0% chưa làm, 1–99% đang làm, 100% hoàn thành.
A19: Công việc cha có con | B19: Không nhập thủ công; hệ thống lấy trung bình % các công việc con hợp lệ.
A20: Khi hoàn thành | B20: Nhập 100%, trạng thái Hoàn thành, ngày thực tế và Link kết quả.
A22: NGUYÊN TẮC NGÀY CHA – CON
A23: Việc thường | B23: Ngày hiển thị cha giữ kế hoạch gốc; chỉ mở rộng nếu con bắt đầu sớm hơn hoặc kết thúc muộn hơn.
A24: Việc phát sinh | B24: Nếu có con: ngày cha = ngày bắt đầu sớm nhất và ngày kết thúc muộn nhất từ con; nếu chưa có con: để trống.
A25: Không có con | B25: Việc thường dùng ngày nhập tại cha; việc phát sinh cấp thấp nhất thì nhập ngày trực tiếp tại chính việc đó.
A26: Cảnh báo | B26: Khi con vượt khung kế hoạch gốc, hệ thống cảnh báo nhưng không tự sửa ngày gốc ở Trung tâm nhập liệu.
A27: Phân biệt ngày | B27: Ngày kế hoạch gốc nằm tại Trung tâm nhập liệu; ngày hiển thị nằm trên các tab L3/L4/L5 và Bản đồ công việc.
A28: CÔNG VIỆC ĐỊNH KỲ
A29: Loại lịch | B29: Chọn Định kỳ.
A30: Chu kỳ | B30: Chọn nhịp thực hiện phù hợp.
A31: Mỗi lần thực hiện | B31: Ghi một dòng trong Nhật ký thực hiện tại Trung tâm nhập liệu.
A33: NHẬN DIỆN MÀU
A34: Vàng | B34: Thiếu dữ liệu bắt buộc — cần nhập.
A35: Đỏ | B35: Tìm cha hoặc cảnh báo cần xử lý.
A36: Xám | B36: Thông tin phụ hoặc trường kỹ thuật.

Sheet Trung tâm nhập liệu
A1: TRUNG TÂM NHẬP LIỆU CÔNG VIỆC
B62: BẢNG MASTER — TRUNG TÂM NHẬP LIỆU
A63: STT | B63: Mã công việc | C63: Cấp | D63: Mã cha | E63: Năm | F63: Tên công việc | G63: Kết quả đầu ra | H63: Giá trị mang lại | I63: Đơn vị phụ trách | J63: Người Lead | K63: Người thực hiện | L63: Trạng thái | M63: Mức độ ưu tiên | N63: Phần trăm hoàn thành | O63: Loại lịch | P63: Chu kỳ | Q63: Ngày kết thúc | R63: Ngày bắt đầu | S63: Ngày rà soát | T63: Khối lượng nhập (giờ, mã thấp nhất) | U63: Khối lượng quản trị (giờ) | V63: Đơn vị phân bổ | W63: Phân bổ (giờ/kỳ) | X63: Ngày HT thực tế | Y63: Link kết quả | Z63: Có mã con?
A65: LỚP 3 — CÔNG VIỆC CHÍNH (L3) | I65: R&D
F66: Cấp đầu tiên — nhập công việc tại các dòng bên dưới; không cần mã cha. | I66: R&D
A67: =IF(OR($B67="",$C67=""),"",COUNTIFS($C$67:$C67,$C67,$B$67:$B67,"<>")) -> 1 | B67: HHL3CT01 | C67: L3 | E67: 2026 | F67: Xây dựng bộ chiến lược công ty tầm nhìn 2030 | G67: Được TGĐ phê duyệt | I67: Công ty | J67: GĐ BOC | K67: GĐ BOC | L67: Đã lên lịch | M67: P1 | N67: =IF(B67="","",IF(OR(L67="Chưa lên lịch",L67="Đã lên lịch",L67="Hủy"),"",IF(COUNTIFS($D$67:$D$212,B67,$L$67:$L$212,"<>",$L$67:$L$212,"<>Hủy",$L$67:$L$212,"<>Chưa lên lịch",$L$67:$L$212,"<>Đã lên lịch")>0,AVERAGEIFS($N$67:$N$212,$D$67:$D$212,B67,$L$67:$L$212,"<>",$L$67:$L$212,"<>Hủy",$L$67:$L$212,"<>Chưa lên lịch",$L$67:$L$212,"<>Đã lên lịch"),IF(L67="Hoàn thành",1,0)))) | O67: Có thời hạn | P67: Năm | Q67: 46420 | R67: 46341 | T67: 200 | U67: =IF(B67="","",IF(Z67="Có",'Lớp 3 - Công việc chính'!AE14,T67)) -> 200 | V67: Tuần | W67: 3 | Z67: =IF(B67="","",IF(COUNTIF($D$67:$D$212,B67)>0,"Có","Không")) -> Không
A68: =IF(OR($B68="",$C68=""),"",COUNTIFS($C$67:$C68,$C68,$B$67:$B68,"<>")) -> 2 | B68: HHL3CT02 | C68: L3 | E68: 2026 | F68: Xây dựng bộ VHDN | G68: Được TGĐ phê duyệt | I68: Công ty | J68: GĐ BOC | K68: GĐ BOC | L68: Đã lên lịch | M68: P2 | N68: =IF(B68="","",IF(OR(L68="Chưa lên lịch",L68="Đã lên lịch",L68="Hủy"),"",IF(COUNTIFS($D$67:$D$212,B68,$L$67:$L$212,"<>",$L$67:$L$212,"<>Hủy",$L$67:$L$212,"<>Chưa lên lịch",$L$67:$L$212,"<>Đã lên lịch")>0,AVERAGEIFS($N$67:$N$212,$D$67:$D$212,B68,$L$67:$L$212,"<>",$L$67:$L$212,"<>Hủy",$L$67:$L$212,"<>Chưa lên lịch",$L$67:$L$212,"<>Đã lên lịch"),IF(L68="Hoàn thành",1,0)))) | O68: Có thời hạn | P68: Năm | Q68: 46420 | R68: 46341 | T68: 100 | U68: =IF(B68="","",IF(Z68="Có",'Lớp 3 - Công việc chính'!AE15,T68)) -> 100 | V68: Tuần | W68: 3 | Z68: =IF(B68="","",IF(COUNTIF($D$67:$D$212,B68)>0,"Có","Không")) -> Không
A69: =IF(OR($B69="",$C69=""),"",COUNTIFS($C$67:$C69,$C69,$B$67:$B69,"<>")) -> 3 | B69: HHL3CT03 | C69: L3 | E69: 2026 | F69: KHKD 2027& HT lập KH theo tham số KD (bán tự động) | G69: Được TĐ phê duyệt | I69: Dữ liệu điều hành | J69: GĐ BOC | K69: Em Đại | L69: Đang thực hiện | M69: P1 | N69: =IF(B69="","",IF(OR(L69="Chưa lên lịch",L69="Đã lên lịch",L69="Hủy"),"",IF(COUNTIFS($D$67:$D$212,B69,$L$67:$L$212,"<>",$L$67:$L$212,"<>Hủy",$L$67:$L$212,"<>Chưa lên lịch",$L$67:$L$212,"<>Đã lên lịch")>0,AVERAGEIFS($N$67:$N$212,$D$67:$D$212,B69,$L$67:$L$212,"<>",$L$67:$L$212,"<>Hủy",$L$67:$L$212,"<>Chưa lên lịch",$L$67:$L$212,"<>Đã lên lịch"),IF(L69="Hoàn thành",1,0)))) -> 0.069642857 | O69: Có thời hạn | Q69: 46337 | R69: 46237 | T69: 560 | U69: =IF(B69="","",IF(Z69="Có",'Lớp 3 - Công việc chính'!AE16,T69)) -> 620 | V69: Tuần | W69: 3 | Z69: =IF(B69="","",IF(COUNTIF($D$67:$D$212,B69)>0,"Có","Không")) -> Có
A70: =IF(OR($B70="",$C70=""),"",COUNTIFS($C$67:$C70,$C70,$B$67:$B70,"<>")) -> 4 | B70: HHL3RD01 | C70: L3 | E70: 2026 | F70: KH sản phẩm 2027-2030 | G70: Được TGĐ phê duyệt | I70: R&D | J70: GĐ BOC | K70: Ms Trang | L70: Đang thực hiện | M70: P1 | N70: =IF(B70="","",IF(OR(L70="Chưa lên lịch",L70="Đã lên lịch",L70="Hủy"),"",IF(COUNTIFS($D$67:$D$212,B70,$L$67:$L$212,"<>",$L$67:$L$212,"<>Hủy",$L$67:$L$212,"<>Chưa lên lịch",$L$67:$L$212,"<>Đã lên lịch")>0,AVERAGEIFS($N$67:$N$212,$D$67:$D$212,B70,$L$67:$L$212,"<>",$L$67:$L$212,"<>Hủy",$L$67:$L$212,"<>Chưa lên lịch",$L$67:$L$212,"<>Đã lên lịch"),IF(L70="Hoàn thành",1,0)))) -> 0 | O70: Có thời hạn | Q70: 46305 | R70: 46223 | T70: 224 | U70: =IF(B70="","",IF(Z70="Có",'Lớp 3 - Công việc chính'!AE17,T70)) | Z70: =IF(B70="","",IF(COUNTIF($D$67:$D$212,B70)>0,"Có","Không")) -> Có
A71: =IF(OR($B71="",$C71=""),"",COUNTIFS($C$67:$C71,$C71,$B$67:$B71,"<>")) -> 5 | B71: HHL3RD02 | C71: L3 | E71: 2026 | F71: Danh mục SP OEM đề xuất | G71: Được TGĐ phê duyệt | I71: R&D | J71: GĐ BOC | K71: Ms Trang | L71: Đang thực hiện | M71: P2 | N71: =IF(B71="","",IF(OR(L71="Chưa lên lịch",L71="Đã lên lịch",L71="Hủy"),"",IF(COUNTIFS($D$67:$D$212,B71,$L$67:$L$212,"<>",$L$67:$L$212,"<>Hủy",$L$67:$L$212,"<>Chưa lên lịch",$L$67:$L$212,"<>Đã lên lịch")>0,AVERAGEIFS($N$67:$N$212,$D$67:$D$212,B71,$L$67:$L$212,"<>",$L$67:$L$212,"<>Hủy",$L$67:$L$212,"<>Chưa lên lịch",$L$67:$L$212,"<>Đã lên lịch"),IF(L71="Hoàn thành",1,0)))) -> 0 | O71: Có thời hạn | Q71: 46274 | R71: 46223 | T71: 120 | U71: =IF(B71="","",IF(Z71="Có",'Lớp 3 - Công việc chính'!AE18,T71)) -> 120 | Z71: =IF(B71="","",IF(COUNTIF($D$67:$D$212,B71)>0,"Có","Không")) -> Có
A72: =IF(OR($B72="",$C72=""),"",COUNTIFS($C$67:$C72,$C72,$B$67:$B72,"<>")) -> 6 | B72: HHL3RD04 | C72: L3 | E72: 2026 | F72: Xây dựng master file & xác định điểm A | G72: Nhìn được hiện trạng trên BI | I72: R&D | J72: GĐ BOC | K72: Ms Trang | L72: Đang thực hiện | M72: P2 | N72: =IF(B72="","",IF(OR(L72="Chưa lên lịch",L72="Đã lên lịch",L72="Hủy"),"",IF(COUNTIFS($D$67:$D$212,B72,$L$67:$L$212,"<>",$L$67:$L$212,"<>Hủy",$L$67:$L$212,"<>Chưa lên lịch",$L$67:$L$212,"<>Đã lên lịch")>0,AVERAGEIFS($N$67:$N$212,$D$67:$D$212,B72,$L$67:$L$212,"<>",$L$67:$L$212,"<>Hủy",$L$67:$L$212,"<>Chưa lên lịch",$L$67:$L$212,"<>Đã lên lịch"),IF(L72="Hoàn thành",1,0)))) -> 0 | O72: Có thời hạn | Q72: 46368 | R72: 46223 | T72: 160 | U72: =IF(B72="","",IF(Z72="Có",'Lớp 3 - Công việc chính'!AE20,T72)) -> 160 | Z72: =IF(B72="","",IF(COUNTIF($D$67:$D$212,B72)>0,"Có","Không")) -> Không
A73: =IF(OR($B73="",$C73=""),"",COUNTIFS($C$67:$C73,$C73,$B$67:$B73,"<>")) -> 7 | B73: HHL3RD05 | C73: L3 | E73: 2026 | F73: Sự vụ quan trọng phát sinh (Vùng xám) | G73: BC theo CV phát sinh | I73: R&D | J73: GĐ BOC | K73: Ms Trang | L73: Đang thực hiện | M73: P1 | N73: =IF(B73="","",IF(OR(L73="Chưa lên lịch",L73="Đã lên lịch",L73="Hủy"),"",IF(COUNTIFS($D$67:$D$212,B73,$L$67:$L$212,"<>",$L$67:$L$212,"<>Hủy",$L$67:$L$212,"<>Chưa lên lịch",$L$67:$L$212,"<>Đã lên lịch")>0,AVERAGEIFS($N$67:$N$212,$D$67:$D$212,B73,$L$67:$L$212,"<>",$L$67:$L$212,"<>Hủy",$L$67:$L$212,"<>Chưa lên lịch",$L$67:$L$212,"<>Đã lên lịch"),IF(L73="Hoàn thành",1,0)))) -> 0 | O73: Có thời hạn | Q73: 46387 | R73: 46223 | T73: 160 | U73: =IF(B73="","",IF(Z73="Có",'Lớp 3 - Công việc chính'!AE21,T73)) -> 160 | Z73: =IF(B73="","",IF(COUNTIF($D$67:$D$212,B73)>0,"Có","Không")) -> Không
A74: =IF(OR($B74="",$C74=""),"",COUNTIFS($C$67:$C74,$C74,$B$67:$B74,"<>")) -> 8 | B74: HHL3RD06 | C74: L3 | E74: 2026 | F74: XD quy chế đào tạo & Chiến lược đào tạo SP | G74: Hoàn thiện quy chế và khung đào tạo sản phẩm áp dụng thống nhất trong R&D | I74: R&D | J74: GĐ BOC | K74: Ms Trang | L74: Đang thực hiện | M74: P2 | N74: =IF(B74="","",IF(OR(L74="Chưa lên lịch",L74="Đã lên lịch",L74="Hủy"),"",IF(COUNTIFS($D$67:$D$212,B74,$L$67:$L$212,"<>",$L$67:$L$212,"<>Hủy",$L$67:$L$212,"<>Chưa lên lịch",$L$67:$L$212,"<>Đã lên lịch")>0,AVERAGEIFS($N$67:$N$212,$D$67:$D$212,B74,$L$67:$L$212,"<>",$L$67:$L$212,"<>Hủy",$L$67:$L$212,"<>Chưa lên lịch",$L$67:$L$212,"<>Đã lên lịch"),IF(L74="Hoàn thành",1,0)))) -> 0 | O74: Có thời hạn | Q74: 46449 | R74: 46223 | T74: 120 | U74: =IF(B74="","",IF(Z74="Có",'Lớp 3 - Công việc chính'!AE22,T74)) -> 120 | Z74: =IF(B74="","",IF(COUNTIF($D$67:$D$212,B74)>0,"Có","Không")) -> Không
A75: =IF(OR($B75="",$C75=""),"",COUNTIFS($C$67:$C75,$C75,$B$67:$B75,"<>")) -> 9 | B75: HHL3RD07 | C75: L3 | E75: 2026 | F75: XD cấu trúc, khoảng trống NL và kiện toàn bộ máy NS R&D | G75: Xác định mô hình tổ chức, khoảng trống năng lực và phương án kiện toàn nhân sự R&D | I75: R&D | J75: GĐ BOC | K75: Ms Trang | L75: Đang thực hiện | M75: P2 | N75: =IF(B75="","",IF(OR(L75="Chưa lên lịch",L75="Đã lên lịch",L75="Hủy"),"",IF(COUNTIFS($D$67:$D$212,B75,$L$67:$L$212,"<>",$L$67:$L$212,"<>Hủy",$L$67:$L$212,"<>Chưa lên lịch",$L$67:$L$212,"<>Đã lên lịch")>0,AVERAGEIFS($N$67:$N$212,$D$67:$D$212,B75,$L$67:$L$212,"<>",$L$67:$L$212,"<>Hủy",$L$67:$L$212,"<>Chưa lên lịch",$L$67:$L$212,"<>Đã lên lịch"),IF(L75="Hoàn thành",1,0)))) -> 0 | O75: Có thời hạn | Q75: 46449 | R75: 46223 | T75: 160 | U75: =IF(B75="","",IF(Z75="Có",'Lớp 3 - Công việc chính'!AE23,T75)) -> 160 | Z75: =IF(B75="","",IF(COUNTIF($D$67:$D$212,B75)>0,"Có","Không")) -> Không
A76: =IF(OR($B76="",$C76=""),"",COUNTIFS($C$67:$C76,$C76,$B$67:$B76,"<>")) -> 10 | B76: HHL3RD08 | C76: L3 | E76: 2026 | F76: Hoạt động nghiên cứu cơ bản & CĐS ngành VPP | G76: Hình thành nền tảng nghiên cứu và lộ trình chuyển đổi số cho ngành VPP | I76: R&D | J76: GĐ BOC | K76: Ms Trang | L76: Đang thực hiện | M76: P2 | N76: =IF(B76="","",IF(OR(L76="Chưa lên lịch",L76="Đã lên lịch",L76="Hủy"),"",IF(COUNTIFS($D$67:$D$212,B76,$L$67:$L$212,"<>",$L$67:$L$212,"<>Hủy",$L$67:$L$212,"<>Chưa lên lịch",$L$67:$L$212,"<>Đã lên lịch")>0,AVERAGEIFS($N$67:$N$212,$D$67:$D$212,B76,$L$67:$L$212,"<>",$L$67:$L$212,"<>Hủy",$L$67:$L$212,"<>Chưa lên lịch",$L$67:$L$212,"<>Đã lên lịch"),IF(L76="Hoàn thành",1,0)))) -> 0 | O76: Có thời hạn | Q76: 46387 | R76: 46223 | T76: 240 | U76: =IF(B76="","",IF(Z76="Có",'Lớp 3 - Công việc chính'!AE24,T76)) -> 240 | Z76: =IF(B76="","",IF(COUNTIF($D$67:$D$212,B76)>0,"Có","Không")) -> Không
A77: =IF(OR($B77="",$C77=""),"",COUNTIFS($C$67:$C77,$C77,$B$67:$B77,"<>")) -> 11 | B77: HHL3RD09 | C77: L3 | E77: 2026 | F77: XD phương án Market Research & Cơ chế thu thập thông tin TT | G77: Thiết lập phương án nghiên cứu thị trường và cơ chế thu thập, cập nhật thông tin định kỳ | I77: R&D | J77: GĐ BOC | K77: Ms Trang | L77: Đang thực hiện | M77: P2 | N77: =IF(B77="","",IF(OR(L77="Chưa lên lịch",L77="Đã lên lịch",L77="Hủy"),"",IF(COUNTIFS($D$67:$D$212,B77,$L$67:$L$212,"<>",$L$67:$L$212,"<>Hủy",$L$67:$L$212,"<>Chưa lên lịch",$L$67:$L$212,"<>Đã lên lịch")>0,AVERAGEIFS($N$67:$N$212,$D$67:$D$212,B77,$L$67:$L$212,"<>",$L$67:$L$212,"<>Hủy",$L$67:$L$212,"<>Chưa lên lịch",$L$67:$L$212,"<>Đã lên lịch"),IF(L77="Hoàn thành",1,0)))) -> 0 | O77: Có thời hạn | Q77: 46280 | R77: 46223 | T77: 160 | U77: =IF(B77="","",IF(Z77="Có",'Lớp 3 - Công việc chính'!AE25,T77)) -> 160 | Z77: =IF(B77="","",IF(COUNTIF($D$67:$D$212,B77)>0,"Có","Không")) -> Có
A78: =IF(OR($B78="",$C78=""),"",COUNTIFS($C$67:$C78,$C78,$B$67:$B78,"<>")) -> 12 | B78: HHL3RD10 | C78: L3 | E78: 2026 | F78: Việc phát sinh khác chưa có phân loại | G78: Dùng để kiểm soát các CV chi tiết hàng ngày | I78: R&D | J78: GĐ BOC | K78: Ms Trang | L78: Đang thực hiện | M78: P3 | N78: =IF(B78="","",IF(OR(L78="Chưa lên lịch",L78="Đã lên lịch",L78="Hủy"),"",IF(COUNTIFS($D$67:$D$212,B78,$L$67:$L$212,"<>",$L$67:$L$212,"<>Hủy",$L$67:$L$212,"<>Chưa lên lịch",$L$67:$L$212,"<>Đã lên lịch")>0,AVERAGEIFS($N$67:$N$212,$D$67:$D$212,B78,$L$67:$L$212,"<>",$L$67:$L$212,"<>Hủy",$L$67:$L$212,"<>Chưa lên lịch",$L$67:$L$212,"<>Đã lên lịch"),IF(L78="Hoàn thành",1,0)))) -> 0 | O78: Có thời hạn | Q78: 46387 | R78: 46223 | T78: 96 | U78: =IF(B78="","",IF(Z78="Có",'Lớp 3 - Công việc chính'!AE26,T78)) -> 96 | Z78: =IF(B78="","",IF(COUNTIF($D$67:$D$212,B78)>0,"Có","Không")) -> Không
A79: =IF(OR($B79="",$C79=""),"",COUNTIFS($C$67:$C79,$C79,$B$67:$B79,"<>")) -> 13 | B79: HHL3RD11 | C79: L3 | E79: 2026 | F79: Xác định & thông qua Xu hướng TK mới 2027 | G79: Xác định và thống nhất định hướng xu hướng thiết kế mới cho năm 2027 | I79: R&D | J79: GĐ BOC | K79: Ms Trang | L79: Đang thực hiện | M79: P2 | N79: =IF(B79="","",IF(OR(L79="Chưa lên lịch",L79="Đã lên lịch",L79="Hủy"),"",IF(COUNTIFS($D$67:$D$212,B79,$L$67:$L$212,"<>",$L$67:$L$212,"<>Hủy",$L$67:$L$212,"<>Chưa lên lịch",$L$67:$L$212,"<>Đã lên lịch")>0,AVERAGEIFS($N$67:$N$212,$D$67:$D$212,B79,$L$67:$L$212,"<>",$L$67:$L$212,"<>Hủy",$L$67:$L$212,"<>Chưa lên lịch",$L$67:$L$212,"<>Đã lên lịch"),IF(L79="Hoàn thành",1,0)))) -> 0 | O79: Có thời hạn | Q79: 46252 | R79: 46235 | T79: 80 | U79: =IF(B79="","",IF(Z79="Có",'Lớp 3 - Công việc chính'!AE27,T79)) -> 80 | Z79: =IF(B79="","",IF(COUNTIF($D$67:$D$212,B79)>0,"Có","Không")) -> Không
A80: =IF(OR($B80="",$C80=""),"",COUNTIFS($C$67:$C80,$C80,$B$67:$B80,"<>")) -> 14 | B80: HHL3RD12 | C80: L3 | E80: 2026 | F80: Xây dựng quy trình và hệ thống quản trị sản phẩm theo phân loại | G80: Chuẩn hóa cơ chế quản trị vòng đời, danh mục, chất lượng và thông tin sản phẩm | I80: R&D | J80: GĐ BOC | K80: Ms Trang | L80: Đang thực hiện | M80: P2 | N80: =IF(B80="","",IF(OR(L80="Chưa lên lịch",L80="Đã lên lịch",L80="Hủy"),"",IF(COUNTIFS($D$67:$D$212,B80,$L$67:$L$212,"<>",$L$67:$L$212,"<>Hủy",$L$67:$L$212,"<>Chưa lên lịch",$L$67:$L$212,"<>Đã lên lịch")>0,AVERAGEIFS($N$67:$N$212,$D$67:$D$212,B80,$L$67:$L$212,"<>",$L$67:$L$212,"<>Hủy",$L$67:$L$212,"<>Chưa lên lịch",$L$67:$L$212,"<>Đã lên lịch"),IF(L80="Hoàn thành",1,0)))) -> 0 | O80: Có thời hạn | Q80: 46387 | R80: 46223 | T80: 280 | U80: =IF(B80="","",IF(Z80="Có",'Lớp 3 - Công việc chính'!AE28,T80)) -> 280 | Z80: =IF(B80="","",IF(COUNTIF($D$67:$D$212,B80)>0,"Có","Không")) -> Có
A81: =IF(OR($B81="",$C81=""),"",COUNTIFS($C$67:$C81,$C81,$B$67:$B81,"<>")) -> 15 | B81: HHL3DL02 | C81: L3 | E81: 2026 | F81: Số hoá DL quản trị all BOC & all PB | G81: Số hóa dữ liệu quản trị, bảo đảm dữ liệu tập trung và khai thác thống nhất toàn BOC, phòng ban | I81: Dữ liệu điều hành | J81: GĐ BOC | K81: Ms Trang | L81: Chưa bắt đầu | M81: P3 | N81: =IF(B81="","",IF(OR(L81="Chưa lên lịch",L81="Đã lên lịch",L81="Hủy"),"",IF(COUNTIFS($D$67:$D$212,B81,$L$67:$L$212,"<>",$L$67:$L$212,"<>Hủy",$L$67:$L$212,"<>Chưa lên lịch",$L$67:$L$212,"<>Đã lên lịch")>0,AVERAGEIFS($N$67:$N$212,$D$67:$D$212,B81,$L$67:$L$212,"<>",$L$67:$L$212,"<>Hủy",$L$67:$L$212,"<>Chưa lên lịch",$L$67:$L$212,"<>Đã lên lịch"),IF(L81="Hoàn thành",1,0)))) -> 0 | O81: Chưa xếp lịch | T81: 240 | U81: =IF(B81="","",IF(Z81="Có",'Lớp 3 - Công việc chính'!AE30,T81)) -> 240 | Z81: =IF(B81="","",IF(COUNTIF($D$67:$D$212,B81)>0,"Có","Không")) -> Không
A82: =IF(OR($B82="",$C82=""),"",COUNTIFS($C$67:$C82,$C82,$B$67:$B82,"<>")) -> 16 | B82: HHL3DL03 | C82: L3 | E82: 2026 | F82: XDHT ngưỡng điều tiết & cung ứng hàng hoá | G82: Thiết lập hệ thống ngưỡng cảnh báo và điều tiết cung ứng hàng hóa | I82: Dữ liệu điều hành | J82: GĐ BOC | K82: Ms Trang | L82: Chưa bắt đầu | M82: P3 | N82: =IF(B82="","",IF(OR(L82="Chưa lên lịch",L82="Đã lên lịch",L82="Hủy"),"",IF(COUNTIFS($D$67:$D$212,B82,$L$67:$L$212,"<>",$L$67:$L$212,"<>Hủy",$L$67:$L$212,"<>Chưa lên lịch",$L$67:$L$212,"<>Đã lên lịch")>0,AVERAGEIFS($N$67:$N$212,$D$67:$D$212,B82,$L$67:$L$212,"<>",$L$67:$L$212,"<>Hủy",$L$67:$L$212,"<>Chưa lên lịch",$L$67:$L$212,"<>Đã lên lịch"),IF(L82="Hoàn thành",1,0)))) -> 0 | O82: Chưa xếp lịch | T82: 160 | U82: =IF(B82="","",IF(Z82="Có",'Lớp 3 - Công việc chính'!AE31,T82)) -> 160 | Z82: =IF(B82="","",IF(COUNTIF($D$67:$D$212,B82)>0,"Có","Không")) -> Có
A83: =IF(OR($B83="",$C83=""),"",COUNTIFS($C$67:$C83,$C83,$B$67:$B83,"<>")) -> 17 | B83: HHL3DL05 | C83: L3 | E83: 2026 | F83: Phát triển HT BC tự động định kỳ | G83: Xây dựng hệ thống báo cáo định kỳ tự động, giảm thao tác tổng hợp thủ công | I83: Dữ liệu điều hành | J83: GĐ BOC | K83: Ms Trang | L83: Chưa bắt đầu | M83: P1 | N83: =IF(B83="","",IF(OR(L83="Chưa lên lịch",L83="Đã lên lịch",L83="Hủy"),"",IF(COUNTIFS($D$67:$D$212,B83,$L$67:$L$212,"<>",$L$67:$L$212,"<>Hủy",$L$67:$L$212,"<>Chưa lên lịch",$L$67:$L$212,"<>Đã lên lịch")>0,AVERAGEIFS($N$67:$N$212,$D$67:$D$212,B83,$L$67:$L$212,"<>",$L$67:$L$212,"<>Hủy",$L$67:$L$212,"<>Chưa lên lịch",$L$67:$L$212,"<>Đã lên lịch"),IF(L83="Hoàn thành",1,0)))) -> 0 | O83: Có thời hạn | Q83: 46265 | R83: 46244 | T83: 200 | U83: =IF(B83="","",IF(Z83="Có",'Lớp 3 - Công việc chính'!AE33,T83)) -> 200 | Z83: =IF(B83="","",IF(COUNTIF($D$67:$D$212,B83)>0,"Có","Không")) -> Không
A84: =IF(OR($B84="",$C84=""),"",COUNTIFS($C$67:$C84,$C84,$B$67:$B84,"<>")) -> 18 | B84: HHL3DL06 | C84: L3 | E84: 2026 | F84: XDHT quản lý NCC | G84: Thiết lập hệ thống quản lý thông tin, đánh giá và theo dõi nhà cung cấp | I84: Dữ liệu điều hành | J84: GĐ BOC | K84: Ms Trang | L84: Chưa bắt đầu | M84: P2 | N84: =IF(B84="","",IF(OR(L84="Chưa lên lịch",L84="Đã lên lịch",L84="Hủy"),"",IF(COUNTIFS($D$67:$D$212,B84,$L$67:$L$212,"<>",$L$67:$L$212,"<>Hủy",$L$67:$L$212,"<>Chưa lên lịch",$L$67:$L$212,"<>Đã lên lịch")>0,AVERAGEIFS($N$67:$N$212,$D$67:$D$212,B84,$L$67:$L$212,"<>",$L$67:$L$212,"<>Hủy",$L$67:$L$212,"<>Chưa lên lịch",$L$67:$L$212,"<>Đã lên lịch"),IF(L84="Hoàn thành",1,0)))) -> 0 | O84: Có thời hạn | Q84: 46265 | R84: 46235 | T84: 240 | U84: =IF(B84="","",IF(Z84="Có",'Lớp 3 - Công việc chính'!AE34,T84)) -> 240 | Z84: =IF(B84="","",IF(COUNTIF($D$67:$D$212,B84)>0,"Có","Không")) -> Có
A85: =IF(OR($B85="",$C85=""),"",COUNTIFS($C$67:$C85,$C85,$B$67:$B85,"<>")) -> 19 | B85: HHL3DL07 | C85: L3 | E85: 2026 | F85: Truy xuất & xử lý DL phát sinh theo yêu cầu | G85: Đáp ứng kịp thời các yêu cầu truy xuất, xử lý và đối soát dữ liệu phát sinh | I85: Dữ liệu điều hành | J85: GĐ BOC | K85: Em Đại | L85: Chưa bắt đầu | M85: P3 | N85: =IF(B85="","",IF(OR(L85="Chưa lên lịch",L85="Đã lên lịch",L85="Hủy"),"",IF(COUNTIFS($D$67:$D$212,B85,$L$67:$L$212,"<>",$L$67:$L$212,"<>Hủy",$L$67:$L$212,"<>Chưa lên lịch",$L$67:$L$212,"<>Đã lên lịch")>0,AVERAGEIFS($N$67:$N$212,$D$67:$D$212,B85,$L$67:$L$212,"<>",$L$67:$L$212,"<>Hủy",$L$67:$L$212,"<>Chưa lên lịch",$L$67:$L$212,"<>Đã lên lịch"),IF(L85="Hoàn thành",1,0)))) -> 0 | O85: Chưa xếp lịch | T85: 120 | U85: =IF(B85="","",IF(Z85="Có",'Lớp 3 - Công việc chính'!AE35,T85)) -> 120 | Z85: =IF(B85="","",IF(COUNTIF($D$67:$D$212,B85)>0,"Có","Không")) -> Không
A86: =IF(OR($B86="",$C86=""),"",COUNTIFS($C$67:$C86,$C86,$B$67:$B86,"<>")) -> 20 | B86: HHL3DL08 | C86: L3 | E86: 2026 | F86: XDHT xếp hàng lên container phục vụ XK | G86: Triển khai các công việc chuyển đổi số và vận hành hệ thống ngoài danh mục chính | I86: Dữ liệu điều hành | J86: GĐ BOC | K86: Em Đại | L86: Chưa bắt đầu | M86: P3 | N86: =IF(B86="","",IF(OR(L86="Chưa lên lịch",L86="Đã lên lịch",L86="Hủy"),"",IF(COUNTIFS($D$67:$D$212,B86,$L$67:$L$212,"<>",$L$67:$L$212,"<>Hủy",$L$67:$L$212,"<>Chưa lên lịch",$L$67:$L$212,"<>Đã lên lịch")>0,AVERAGEIFS($N$67:$N$212,$D$67:$D$212,B86,$L$67:$L$212,"<>",$L$67:$L$212,"<>Hủy",$L$67:$L$212,"<>Chưa lên lịch",$L$67:$L$212,"<>Đã lên lịch"),IF(L86="Hoàn thành",1,0)))) -> 0 | O86: Có thời hạn | Q86: 46264 | R86: 46223 | T86: 120 | U86: =IF(B86="","",IF(Z86="Có",'Lớp 3 - Công việc chính'!AE36,T86)) -> 120
A87: =IF(OR($B87="",$C87=""),"",COUNTIFS($C$67:$C87,$C87,$B$67:$B87,"<>")) -> 21 | B87: HHL3DL09 | C87: L3 | E87: 2026 | F87: Các CV hỗ trợ khác (cho LĐ & PB khác) | G87: Hỗ trợ lãnh đạo và các phòng ban về dữ liệu, báo cáo và công cụ quản trị | I87: Dữ liệu điều hành | J87: GĐ BOC | K87: Em Đại | L87: Chưa bắt đầu | M87: P1 | N87: =IF(B87="","",IF(OR(L87="Chưa lên lịch",L87="Đã lên lịch",L87="Hủy"),"",IF(COUNTIFS($D$67:$D$212,B87,$L$67:$L$212,"<>",$L$67:$L$212,"<>Hủy",$L$67:$L$212,"<>Chưa lên lịch",$L$67:$L$212,"<>Đã lên lịch")>0,AVERAGEIFS($N$67:$N$212,$D$67:$D$212,B87,$L$67:$L$212,"<>",$L$67:$L$212,"<>Hủy",$L$67:$L$212,"<>Chưa lên lịch",$L$67:$L$212,"<>Đã lên lịch"),IF(L87="Hoàn thành",1,0)))) -> 0 | O87: Chưa xếp lịch | T87: 120 | U87: =IF(B87="","",IF(Z87="Có",'Lớp 3 - Công việc chính'!AE37,T87)) -> 360 | Z87: =IF(B87="","",IF(COUNTIF($D$67:$D$212,B87)>0,"Có","Không")) -> Có
A88: =IF(OR($B88="",$C88=""),"",COUNTIFS($C$67:$C88,$C88,$B$67:$B88,"<>")) -> 22 | B88: HHL3DL10 | C88: L3 | E88: 2026 | F88: Xây dựng hệ thống kiểm soát chiết khấu | I88: Dữ liệu điều hành | J88: GĐ BOC | K88: Em Đại | L88: Đã lên lịch | M88: P3 | N88: =IF(B88="","",IF(OR(L88="Chưa lên lịch",L88="Đã lên lịch",L88="Hủy"),"",IF(COUNTIFS($D$67:$D$212,B88,$L$67:$L$212,"<>",$L$67:$L$212,"<>Hủy",$L$67:$L$212,"<>Chưa lên lịch",$L$67:$L$212,"<>Đã lên lịch")>0,AVERAGEIFS($N$67:$N$212,$D$67:$D$212,B88,$L$67:$L$212,"<>",$L$67:$L$212,"<>Hủy",$L$67:$L$212,"<>Chưa lên lịch",$L$67:$L$212,"<>Đã lên lịch"),IF(L88="Hoàn thành",1,0)))) | O88: Có thời hạn | Q88: 46420 | R88: 46357 | U88: =IF(B88="","",IF(Z88="Có",'Lớp 3 - Công việc chính'!AE38,T88)) | Z88: =IF(B88="","",IF(COUNTIF($D$67:$D$212,B88)>0,"Có","Không")) -> Không
A89: =IF(OR($B89="",$C89=""),"",COUNTIFS($C$67:$C89,$C89,$B$67:$B89,"<>")) -> 23 | B89: HHL3DL11 | C89: L3 | E89: 2026 | F89: Xây dựng hệ thống tính giá & Báo giá xuất khẩu | I89: Dữ liệu điều hành | J89: GĐ BOC | K89: Em Đại | L89: Đã lên lịch | N89: =IF(B89="","",IF(OR(L89="Chưa lên lịch",L89="Đã lên lịch",L89="Hủy"),"",IF(COUNTIFS($D$67:$D$212,B89,$L$67:$L$212,"<>",$L$67:$L$212,"<>Hủy",$L$67:$L$212,"<>Chưa lên lịch",$L$67:$L$212,"<>Đã lên lịch")>0,AVERAGEIFS($N$67:$N$212,$D$67:$D$212,B89,$L$67:$L$212,"<>",$L$67:$L$212,"<>Hủy",$L$67:$L$212,"<>Chưa lên lịch",$L$67:$L$212,"<>Đã lên lịch"),IF(L89="Hoàn thành",1,0)))) | O89: Có thời hạn | Q89: 46388 | R89: 46357 | U89: =IF(B89="","",IF(Z89="Có",'Lớp 3 - Công việc chính'!AE39,T89)) | Z89: =IF(B89="","",IF(COUNTIF($D$67:$D$212,B89)>0,"Có","Không")) -> Không
A90: =IF(OR($B90="",$C90=""),"",COUNTIFS($C$67:$C90,$C90,$B$67:$B90,"<>")) -> 24 | B90: HHL3DL12 | C90: L3 | E90: 2026 | F90: CĐS & AI các hoạt động của BOC | I90: Dữ liệu điều hành | J90: GĐ BOC | K90: Em Đại | L90: Chưa lên lịch | N90: =IF(B90="","",IF(OR(L90="Chưa lên lịch",L90="Đã lên lịch",L90="Hủy"),"",IF(COUNTIFS($D$67:$D$212,B90,$L$67:$L$212,"<>",$L$67:$L$212,"<>Hủy",$L$67:$L$212,"<>Chưa lên lịch",$L$67:$L$212,"<>Đã lên lịch")>0,AVERAGEIFS($N$67:$N$212,$D$67:$D$212,B90,$L$67:$L$212,"<>",$L$67:$L$212,"<>Hủy",$L$67:$L$212,"<>Chưa lên lịch",$L$67:$L$212,"<>Đã lên lịch"),IF(L90="Hoàn thành",1,0)))) | O90: Có thời hạn | U90: =IF(B90="","",IF(Z90="Có",'Lớp 3 - Công việc chính'!AE40,T90)) | Z90: =IF(B90="","",IF(COUNTIF($D$67:$D$212,B90)>0,"Có","Không")) -> Có
A91: 25 | B91: HHL3XK01 | C91: L3 | E91: 2026 | F91: XD & vận hành HT CRM XK | I91: Dữ liệu điều hành | J91: GĐ BOC | M91: P1 | N91: =IF(B91="","",IF(OR(L91="Chưa lên lịch",L91="Đã lên lịch",L91="Hủy"),"",IF(COUNTIFS($D$67:$D$212,B91,$L$67:$L$212,"<>",$L$67:$L$212,"<>Hủy",$L$67:$L$212,"<>Chưa lên lịch",$L$67:$L$212,"<>Đã lên lịch")>0,AVERAGEIFS($N$67:$N$212,$D$67:$D$212,B91,$L$67:$L$212,"<>",$L$67:$L$212,"<>Hủy",$L$67:$L$212,"<>Chưa lên lịch",$L$67:$L$212,"<>Đã lên lịch"),IF(L91="Hoàn thành",1,0)))) -> 0 | O91: Có thời hạn | Q91: 46231 | R91: 46244 | U91: =IF(B91="","",IF(Z91="Có",'Lớp 3 - Công việc chính'!AE72,T91)) | Z91: Không
A92: 26 | B92: HHL3XK02 | C92: L3 | E92: 2026 | F92: XD khung tự quyết định giá cho phòng XK | I92: Dữ liệu điều hành | J92: GĐ BOC | M92: P1 | O92: Có thời hạn | Q92: 46253 | R92: 46244 | Z92: Không
A93: 27 | B93: HHL3XK03 | C93: L3 | E93: 2026 | F93: XD khung tự quyết định giá và HT của hàng SX XK | I93: Dữ liệu điều hành | J93: GĐ BOC | M93: P2 | O93: Có thời hạn | Q93: 46387 | R93: 46244 | Z93: Không
A94: 28 | B94: HHL3XK04 | C94: L3 | E94: 2026 | F94: XD phương án khai thác Lead | I94: Dữ liệu điều hành | J94: GĐ BOC | M94: P2 | Z94: Không
A95: 29 | B95: HHL3XK05 | C95: L3 | E95: 2026 | F95: Sự vụ vùng xám phát sinh (XK) | I95: Dữ liệu điều hành | J95: GĐ BOC | M95: P1 | Z95: Có
A96: 30 | B96: HHL3MKT01 | C96: L3 | E96: 2026 | F96: Lập KH MKT 2027 & tầm nhìn 2030 | I96: MKT | J96: GĐ BOC | M96: P2 | Z96: không
A97: 31 | B97: HHL3MKT02 | C97: L3 | E97: 2026 | F97: XDHT quản trị hoạt động trade & # (BI) | I97: MKT | J97: GĐ BOC | M97: P2 | Q97: 46387 | R97: 46337
A98: 32 | B98: HHL3MKT03 | C98: L3 | E98: 2026 | F98: XDHT quản trị ngân sách MKT (BI) | I98: MKT | J98: GĐ BOC | M98: P2
A99: 33 | B99: HHL3MKT04 | C99: L3 | E99: 2026 | F99: Trình phương án hội nghị khách hàng, NPP toàn quốc 2026 | I99: MKT | J99: GĐ BOC | M99: P1 | Q99: 46254 | R99: 46244
A100: 34 | B100: HHL3KH&CƯ01 | C100: L3 | E100: 2026 | F100: XDHT tính giá | I100: KH & Cung ứng | J100: GĐ BOC | M100: P4
B101: HHL3KH&CƯ02 | C101: L3 | E101: 2026 | F101: Số hóa hoạt động KH vật tư | I101: KH & Cung ứng | J101: GĐ BOC | M101: P4
B102: HHL3KH&CƯ03 | C102: L3 | E102: 2026 | F102: XDHT quản trị NCC | I102: KH & Cung ứng | J102: GĐ BOC | M102: P4
B103: HHL3KH&CƯ04 | C103: L3 | E103: 2026 | F103: XĐ ngưỡng TK & cảnh báo mua hàng | I103: KH & Cung ứng | J103: GĐ BOC | M103: P4
B104: HHL3KH&CƯ05 | C104: L3 | E104: 2026 | F104: XDHT điều tiết kho vận | I104: KH & Cung ứng | J104: GĐ BOC | M104: P4
A107: =IF(OR($B107="",$C107=""),"",COUNTIFS($C$67:$C107,$C107,$B$67:$B107,"<>")) | C107: L3 | N107: =IF(B107="","",IF(OR(L107="Chưa lên lịch",L107="Đã lên lịch",L107="Hủy"),"",IF(COUNTIFS($D$67:$D$212,B107,$L$67:$L$212,"<>",$L$67:$L$212,"<>Hủy",$L$67:$L$212,"<>Chưa lên lịch",$L$67:$L$212,"<>Đã lên lịch")>0,AVERAGEIFS($N$67:$N$212,$D$67:$D$212,B107,$L$67:$L$212,"<>",$L$67:$L$212,"<>Hủy",$L$67:$L$212,"<>Chưa lên lịch",$L$67:$L$212,"<>Đã lên lịch"),IF(L107="Hoàn thành",1,0)))) | U107: =IF(B107="","",IF(Z107="Có",'Lớp 3 - Công việc chính'!AE73,T107)) | Z107: =IF(B107="","",IF(COUNTIF($D$67:$D$212,B107)>0,"Có","Không"))
A108: =IF(OR($B108="",$C108=""),"",COUNTIFS($C$67:$C108,$C108,$B$67:$B108,"<>")) | C108: L3 | N108: =IF(B108="","",IF(OR(L108="Chưa lên lịch",L108="Đã lên lịch",L108="Hủy"),"",IF(COUNTIFS($D$67:$D$212,B108,$L$67:$L$212,"<>",$L$67:$L$212,"<>Hủy",$L$67:$L$212,"<>Chưa lên lịch",$L$67:$L$212,"<>Đã lên lịch")>0,AVERAGEIFS($N$67:$N$212,$D$67:$D$212,B108,$L$67:$L$212,"<>",$L$67:$L$212,"<>Hủy",$L$67:$L$212,"<>Chưa lên lịch",$L$67:$L$212,"<>Đã lên lịch"),IF(L108="Hoàn thành",1,0)))) | U108: =IF(B108="","",IF(Z108="Có",'Lớp 3 - Công việc chính'!AE74,T108)) | Z108: =IF(B108="","",IF(COUNTIF($D$67:$D$212,B108)>0,"Có","Không"))
A109: =IF(OR($B109="",$C109=""),"",COUNTIFS($C$67:$C109,$C109,$B$67:$B109,"<>")) | C109: L3 | N109: =IF(B109="","",IF(OR(L109="Chưa lên lịch",L109="Đã lên lịch",L109="Hủy"),"",IF(COUNTIFS($D$67:$D$212,B109,$L$67:$L$212,"<>",$L$67:$L$212,"<>Hủy",$L$67:$L$212,"<>Chưa lên lịch",$L$67:$L$212,"<>Đã lên lịch")>0,AVERAGEIFS($N$67:$N$212,$D$67:$D$212,B109,$L$67:$L$212,"<>",$L$67:$L$212,"<>Hủy",$L$67:$L$212,"<>Chưa lên lịch",$L$67:$L$212,"<>Đã lên lịch"),IF(L109="Hoàn thành",1,0)))) | U109: =IF(B109="","",IF(Z109="Có",'Lớp 3 - Công việc chính'!AE75,T109)) | Z109: =IF(B109="","",IF(COUNTIF($D$67:$D$212,B109)>0,"Có","Không"))
A110: =IF(OR($B110="",$C110=""),"",COUNTIFS($C$67:$C110,$C110,$B$67:$B110,"<>")) | C110: L3 | N110: =IF(B110="","",IF(OR(L110="Chưa lên lịch",L110="Đã lên lịch",L110="Hủy"),"",IF(COUNTIFS($D$67:$D$212,B110,$L$67:$L$212,"<>",$L$67:$L$212,"<>Hủy",$L$67:$L$212,"<>Chưa lên lịch",$L$67:$L$212,"<>Đã lên lịch")>0,AVERAGEIFS($N$67:$N$212,$D$67:$D$212,B110,$L$67:$L$212,"<>",$L$67:$L$212,"<>Hủy",$L$67:$L$212,"<>Chưa lên lịch",$L$67:$L$212,"<>Đã lên lịch"),IF(L110="Hoàn thành",1,0)))) | U110: =IF(B110="","",IF(Z110="Có",'Lớp 3 - Công việc chính'!AE76,T110)) | Z110: =IF(B110="","",IF(COUNTIF($D$67:$D$212,B110)>0,"Có","Không"))
A111: =IF(OR($B111="",$C111=""),"",COUNTIFS($C$67:$C111,$C111,$B$67:$B111,"<>")) | C111: L3 | N111: =IF(B111="","",IF(OR(L111="Chưa lên lịch",L111="Đã lên lịch",L111="Hủy"),"",IF(COUNTIFS($D$67:$D$212,B111,$L$67:$L$212,"<>",$L$67:$L$212,"<>Hủy",$L$67:$L$212,"<>Chưa lên lịch",$L$67:$L$212,"<>Đã lên lịch")>0,AVERAGEIFS($N$67:$N$212,$D$67:$D$212,B111,$L$67:$L$212,"<>",$L$67:$L$212,"<>Hủy",$L$67:$L$212,"<>Chưa lên lịch",$L$67:$L$212,"<>Đã lên lịch"),IF(L111="Hoàn thành",1,0)))) | U111: =IF(B111="","",IF(Z111="Có",'Lớp 3 - Công việc chính'!AE77,T111)) | Z111: =IF(B111="","",IF(COUNTIF($D$67:$D$212,B111)>0,"Có","Không"))
A112: =IF(OR($B112="",$C112=""),"",COUNTIFS($C$67:$C112,$C112,$B$67:$B112,"<>")) | C112: L3 | N112: =IF(B112="","",IF(OR(L112="Chưa lên lịch",L112="Đã lên lịch",L112="Hủy"),"",IF(COUNTIFS($D$67:$D$212,B112,$L$67:$L$212,"<>",$L$67:$L$212,"<>Hủy",$L$67:$L$212,"<>Chưa lên lịch",$L$67:$L$212,"<>Đã lên lịch")>0,AVERAGEIFS($N$67:$N$212,$D$67:$D$212,B112,$L$67:$L$212,"<>",$L$67:$L$212,"<>Hủy",$L$67:$L$212,"<>Chưa lên lịch",$L$67:$L$212,"<>Đã lên lịch"),IF(L112="Hoàn thành",1,0)))) | U112: =IF(B112="","",IF(Z112="Có",'Lớp 3 - Công việc chính'!AE78,T112)) | Z112: =IF(B112="","",IF(COUNTIF($D$67:$D$212,B112)>0,"Có","Không"))
A113: LỚP 4 — DANH MỤC (L4)
A114: 🔎 TÌM CHA L3 | B114: xây dựng | C114: {=IF(TRIM(B114)="","",LET(k,TRIM(B114),p,IFERROR(XMATCH("*"&k&"*",$B$67:$B$112,2),IFERROR(XMATCH("*"&k&"*",$F$67:$F$112,2),0)),IF(p=0,"Không tìm thấy",INDEX($B$67:$B$112,p)&" | "&INDEX($F$67:$F$112,p)&" | Dòng "&(p+66))))} -> HHL3CT01 | Xây dựng bộ chiến lược công ty tầm nhìn 2030 | Dòng 67
A115: =IF(OR($B115="",$C115=""),"",COUNTIFS($C$67:$C115,$C115,$B$67:$B115,"<>")) -> 1 | B115: HHL4DL01 | C115: L4 | D115: HHL3CT03 | E115: 2026 | F115: Xác nhận công thức & tạo HT tham số cho KH GT | G115: Công thức và hệ thống tham số kế hoạch GT được xác nhận và phê duyệt | I115: Dữ liệu điều hành | J115: GĐ BOC | K115: Em Đại | L115: Chưa bắt đầu | M115: P1 | N115: =IF(B115="","",IF(OR(L115="Chưa lên lịch",L115="Đã lên lịch",L115="Hủy"),"",IF(COUNTIFS($D$67:$D$212,B115,$L$67:$L$212,"<>",$L$67:$L$212,"<>Hủy",$L$67:$L$212,"<>Chưa lên lịch",$L$67:$L$212,"<>Đã lên lịch")>0,AVERAGEIFS($N$67:$N$212,$D$67:$D$212,B115,$L$67:$L$212,"<>",$L$67:$L$212,"<>Hủy",$L$67:$L$212,"<>Chưa lên lịch",$L$67:$L$212,"<>Đã lên lịch"),IF(L115="Hoàn thành",1,0)))) -> 0.4875 | O115: Có thời hạn | Q115: 46249 | R115: 46237 | T115: 80 | U115: =IF(B115="","",IF(Z115="Có",'Lớp 4 - Danh mục'!AH14,T115)) -> 140 | V115: Tuần | W115: 8 | Z115: =IF(B115="","",IF(COUNTIF($D$67:$D$212,B115)>0,"Có","Không")) -> Có
A116: =IF(OR($B116="",$C116=""),"",COUNTIFS($C$67:$C116,$C116,$B$67:$B116,"<>")) -> 2 | B116: HHL4DL02 | C116: L4 | D116: HHL3CT03 | E116: 2026 | F116: Xây dựng công thức & tạo HT tham số cho KH MT | G116: Công thức và hệ thống tham số kế hoạch MT được phê duyệt, vận hành. | I116: Dữ liệu điều hành | J116: GĐ BOC | K116: Em Đại | L116: Chưa bắt đầu | M116: P1 | N116: =IF(B116="","",IF(OR(L116="Chưa lên lịch",L116="Đã lên lịch",L116="Hủy"),"",IF(COUNTIFS($D$67:$D$212,B116,$L$67:$L$212,"<>",$L$67:$L$212,"<>Hủy",$L$67:$L$212,"<>Chưa lên lịch",$L$67:$L$212,"<>Đã lên lịch")>0,AVERAGEIFS($N$67:$N$212,$D$67:$D$212,B116,$L$67:$L$212,"<>",$L$67:$L$212,"<>Hủy",$L$67:$L$212,"<>Chưa lên lịch",$L$67:$L$212,"<>Đã lên lịch"),IF(L116="Hoàn thành",1,0)))) -> 0 | O116: Có thời hạn | Q116: 46254 | R116: 46237 | T116: 80 | U116: =IF(B116="","",IF(Z116="Có",'Lớp 4 - Danh mục'!AH15,T116)) -> 80 | V116: Tuần | W116: 8 | Z116: =IF(B116="","",IF(COUNTIF($D$67:$D$212,B116)>0,"Có","Không")) -> Có
A117: =IF(OR($B117="",$C117=""),"",COUNTIFS($C$67:$C117,$C117,$B$67:$B117,"<>")) -> 3 | B117: HHL4DL03 | C117: L4 | D117: HHL3CT03 | E117: 2026 | F117: Xây dựng công thức & tạo HT tham số cho KH B2B | G117: Công thức và hệ thống tham số kế hoạch B2B được phê duyệt, vận hành. | I117: Dữ liệu điều hành | J117: GĐ BOC | K117: Em Đại | L117: Chưa bắt đầu | M117: P1 | N117: =IF(B117="","",IF(OR(L117="Chưa lên lịch",L117="Đã lên lịch",L117="Hủy"),"",IF(COUNTIFS($D$67:$D$212,B117,$L$67:$L$212,"<>",$L$67:$L$212,"<>Hủy",$L$67:$L$212,"<>Chưa lên lịch",$L$67:$L$212,"<>Đã lên lịch")>0,AVERAGEIFS($N$67:$N$212,$D$67:$D$212,B117,$L$67:$L$212,"<>",$L$67:$L$212,"<>Hủy",$L$67:$L$212,"<>Chưa lên lịch",$L$67:$L$212,"<>Đã lên lịch"),IF(L117="Hoàn thành",1,0)))) -> 0 | O117: Có thời hạn | Q117: 46254 | R117: 46237 | T117: 80 | U117: =IF(B117="","",IF(Z117="Có",'Lớp 4 - Danh mục'!AH16,T117)) -> 80 | V117: Tuần | W117: 8 | Z117: =IF(B117="","",IF(COUNTIF($D$67:$D$212,B117)>0,"Có","Không")) -> Có
A118: =IF(OR($B118="",$C118=""),"",COUNTIFS($C$67:$C118,$C118,$B$67:$B118,"<>")) -> 4 | B118: HHL4DL04 | C118: L4 | D118: HHL3CT03 | E118: 2026 | F118: Xây dựng công thức & tạo HT tham số cho KH Online | G118: Công thức và hệ thống tham số kế hoạch Online được phê duyệt, vận hành. | I118: Dữ liệu điều hành | J118: GĐ BOC | K118: Em Đại | L118: Chưa bắt đầu | M118: P1 | N118: =IF(B118="","",IF(OR(L118="Chưa lên lịch",L118="Đã lên lịch",L118="Hủy"),"",IF(COUNTIFS($D$67:$D$212,B118,$L$67:$L$212,"<>",$L$67:$L$212,"<>Hủy",$L$67:$L$212,"<>Chưa lên lịch",$L$67:$L$212,"<>Đã lên lịch")>0,AVERAGEIFS($N$67:$N$212,$D$67:$D$212,B118,$L$67:$L$212,"<>",$L$67:$L$212,"<>Hủy",$L$67:$L$212,"<>Chưa lên lịch",$L$67:$L$212,"<>Đã lên lịch"),IF(L118="Hoàn thành",1,0)))) -> 0 | O118: Có thời hạn | Q118: 46254 | R118: 46237 | T118: 80 | U118: =IF(B118="","",IF(Z118="Có",'Lớp 4 - Danh mục'!AH17,T118)) -> 80 | V118: Tuần | W118: 8 | Z118: =IF(B118="","",IF(COUNTIF($D$67:$D$212,B118)>0,"Có","Không")) -> Có
A119: =IF(OR($B119="",$C119=""),"",COUNTIFS($C$67:$C119,$C119,$B$67:$B119,"<>")) -> 5 | B119: HHL4DL05 | C119: L4 | D119: HHL3CT03 | E119: 2026 | F119: Xây dựng công thức & tạo HT tham số cho KH XK | G119: Công thức và hệ thống tham số kế hoạch xuất khẩu được phê duyệt, vận hành. | I119: Dữ liệu điều hành | J119: GĐ BOC | K119: Em Đại | L119: Chưa bắt đầu | M119: P1 | N119: =IF(B119="","",IF(OR(L119="Chưa lên lịch",L119="Đã lên lịch",L119="Hủy"),"",IF(COUNTIFS($D$67:$D$212,B119,$L$67:$L$212,"<>",$L$67:$L$212,"<>Hủy",$L$67:$L$212,"<>Chưa lên lịch",$L$67:$L$212,"<>Đã lên lịch")>0,AVERAGEIFS($N$67:$N$212,$D$67:$D$212,B119,$L$67:$L$212,"<>",$L$67:$L$212,"<>Hủy",$L$67:$L$212,"<>Chưa lên lịch",$L$67:$L$212,"<>Đã lên lịch"),IF(L119="Hoàn thành",1,0)))) -> 0 | O119: Có thời hạn | Q119: 46254 | R119: 46237 | T119: 80 | U119: =IF(B119="","",IF(Z119="Có",'Lớp 4 - Danh mục'!AH18,T119)) -> 80 | V119: Tuần | W119: 8 | Z119: =IF(B119="","",IF(COUNTIF($D$67:$D$212,B119)>0,"Có","Không")) -> Có
A120: =IF(OR($B120="",$C120=""),"",COUNTIFS($C$67:$C120,$C120,$B$67:$B120,"<>")) -> 6 | B120: HHL4DL06 | C120: L4 | D120: HHL3CT03 | E120: 2026 | F120: Xây dựng công thức & tạo HT tham số cho KH Showroom | G120: Công thức và hệ thống tham số kế hoạch Showroom được phê duyệt, vận hành. | I120: Dữ liệu điều hành | J120: GĐ BOC | K120: Em Đại | L120: Chưa bắt đầu | M120: P1 | N120: =IF(B120="","",IF(OR(L120="Chưa lên lịch",L120="Đã lên lịch",L120="Hủy"),"",IF(COUNTIFS($D$67:$D$212,B120,$L$67:$L$212,"<>",$L$67:$L$212,"<>Hủy",$L$67:$L$212,"<>Chưa lên lịch",$L$67:$L$212,"<>Đã lên lịch")>0,AVERAGEIFS($N$67:$N$212,$D$67:$D$212,B120,$L$67:$L$212,"<>",$L$67:$L$212,"<>Hủy",$L$67:$L$212,"<>Chưa lên lịch",$L$67:$L$212,"<>Đã lên lịch"),IF(L120="Hoàn thành",1,0)))) -> 0 | O120: Có thời hạn | Q120: 46254 | R120: 46237 | T120: 80 | U120: =IF(B120="","",IF(Z120="Có",'Lớp 4 - Danh mục'!AH19,T120)) -> 80 | V120: Tuần | W120: 8 | Z120: =IF(B120="","",IF(COUNTIF($D$67:$D$212,B120)>0,"Có","Không")) -> Có
A121: =IF(OR($B121="",$C121=""),"",COUNTIFS($C$67:$C121,$C121,$B$67:$B121,"<>")) -> 7 | B121: HHL4DL07 | C121: L4 | D121: HHL3CT03 | E121: 2026 | F121: Xây dựng phần mềm & Chạy Topdown thử nghiệm | G121: Kết quả chạy topdown doanh thu kế hoạch toàn công ty | I121: Dữ liệu điều hành | J121: GĐ BOC | K121: Em Đại | L121: Chưa bắt đầu | M121: P1 | N121: =IF(B121="","",IF(OR(L121="Chưa lên lịch",L121="Đã lên lịch",L121="Hủy"),"",IF(COUNTIFS($D$67:$D$212,B121,$L$67:$L$212,"<>",$L$67:$L$212,"<>Hủy",$L$67:$L$212,"<>Chưa lên lịch",$L$67:$L$212,"<>Đã lên lịch")>0,AVERAGEIFS($N$67:$N$212,$D$67:$D$212,B121,$L$67:$L$212,"<>",$L$67:$L$212,"<>Hủy",$L$67:$L$212,"<>Chưa lên lịch",$L$67:$L$212,"<>Đã lên lịch"),IF(L121="Hoàn thành",1,0)))) -> 0 | O121: Có thời hạn | Q121: 46254 | R121: 46237 | T121: 80 | U121: =IF(B121="","",IF(Z121="Có",'Lớp 4 - Danh mục'!AH20,T121)) -> 80 | V121: Tuần | W121: 24 | Z121: =IF(B121="","",IF(COUNTIF($D$67:$D$212,B121)>0,"Có","Không")) -> Có
A122: =IF(OR($B122="",$C122=""),"",COUNTIFS($C$67:$C122,$C122,$B$67:$B122,"<>")) -> 8 | B122: HHL4RD08 | C122: L4 | D122: HHL3RD12 | E122: 2026 | F122: Chuẩn hóa Guideline thiết kế SP & bao bì | G122: Bộ guideline thiết kế sản phẩm và bao bì được ban hành. | I122: R&D | J122: GĐ BOC | K122: Ms Trang | L122: Đang thực hiện | M122: P2 | N122: =IF(B122="","",IF(OR(L122="Chưa lên lịch",L122="Đã lên lịch",L122="Hủy"),"",IF(COUNTIFS($D$67:$D$212,B122,$L$67:$L$212,"<>",$L$67:$L$212,"<>Hủy",$L$67:$L$212,"<>Chưa lên lịch",$L$67:$L$212,"<>Đã lên lịch")>0,AVERAGEIFS($N$67:$N$212,$D$67:$D$212,B122,$L$67:$L$212,"<>",$L$67:$L$212,"<>Hủy",$L$67:$L$212,"<>Chưa lên lịch",$L$67:$L$212,"<>Đã lên lịch"),IF(L122="Hoàn thành",1,0)))) -> 0 | O122: Có thời hạn | Q122: 46252 | R122: 46235 | T122: 40 | U122: =IF(B122="","",IF(Z122="Có",'Lớp 4 - Danh mục'!AH21,T122)) -> 40 | Z122: =IF(B122="","",IF(COUNTIF($D$67:$D$212,B122)>0,"Có","Không")) -> Không
A123: =IF(OR($B123="",$C123=""),"",COUNTIFS($C$67:$C123,$C123,$B$67:$B123,"<>")) -> 9 | B123: HHL4RD09 | C123: L4 | D123: HHL3RD12 | E123: 2026 | F123: XD phương án Quản trị đặt hàng OEM | G123: Phương án quản trị đặt hàng OEM được phê duyệt và áp dụng. | I123: R&D | J123: GĐ BOC | K123: Ms Trang | L123: Đang thực hiện | M123: P2 | N123: =IF(B123="","",IF(OR(L123="Chưa lên lịch",L123="Đã lên lịch",L123="Hủy"),"",IF(COUNTIFS($D$67:$D$212,B123,$L$67:$L$212,"<>",$L$67:$L$212,"<>Hủy",$L$67:$L$212,"<>Chưa lên lịch",$L$67:$L$212,"<>Đã lên lịch")>0,AVERAGEIFS($N$67:$N$212,$D$67:$D$212,B123,$L$67:$L$212,"<>",$L$67:$L$212,"<>Hủy",$L$67:$L$212,"<>Chưa lên lịch",$L$67:$L$212,"<>Đã lên lịch"),IF(L123="Hoàn thành",1,0)))) -> 0 | O123: Có thời hạn | Q123: 46326 | R123: 46235 | T123: 40 | U123: =IF(B123="","",IF(Z123="Có",'Lớp 4 - Danh mục'!AH22,T123)) -> 40 | Z123: =IF(B123="","",IF(COUNTIF($D$67:$D$212,B123)>0,"Có","Không")) -> Không
A124: =IF(OR($B124="",$C124=""),"",COUNTIFS($C$67:$C124,$C124,$B$67:$B124,"<>")) -> 10 | B124: HHL4RD10 | C124: L4 | D124: HHL3RD12 | E124: 2026 | F124: Phương án quản trị chất lược sản phẩm | G124: Phương án quản trị chất lượng sản phẩm được phê duyệt. | I124: R&D | J124: GĐ BOC | K124: Ms Trang | L124: Đang thực hiện | M124: P2 | N124: =IF(B124="","",IF(OR(L124="Chưa lên lịch",L124="Đã lên lịch",L124="Hủy"),"",IF(COUNTIFS($D$67:$D$212,B124,$L$67:$L$212,"<>",$L$67:$L$212,"<>Hủy",$L$67:$L$212,"<>Chưa lên lịch",$L$67:$L$212,"<>Đã lên lịch")>0,AVERAGEIFS($N$67:$N$212,$D$67:$D$212,B124,$L$67:$L$212,"<>",$L$67:$L$212,"<>Hủy",$L$67:$L$212,"<>Chưa lên lịch",$L$67:$L$212,"<>Đã lên lịch"),IF(L124="Hoàn thành",1,0)))) -> 0 | O124: Có thời hạn | Q124: 46341 | R124: 46235 | T124: 40 | U124: =IF(B124="","",IF(Z124="Có",'Lớp 4 - Danh mục'!AH23,T124)) -> 40 | Z124: =IF(B124="","",IF(COUNTIF($D$67:$D$212,B124)>0,"Có","Không")) -> Không
A125: =IF(OR($B125="",$C125=""),"",COUNTIFS($C$67:$C125,$C125,$B$67:$B125,"<>")) -> 11 | B125: HHL4RD11 | C125: L4 | D125: HHL3RD12 | E125: 2026 | F125: Thành lập ban CLSP & cơ chế vận hành | G125: Ban CLSP được thành lập, có quy chế và cơ chế vận hành. | I125: R&D | J125: GĐ BOC | K125: Ms Trang | L125: Đang thực hiện | M125: P2 | N125: =IF(B125="","",IF(OR(L125="Chưa lên lịch",L125="Đã lên lịch",L125="Hủy"),"",IF(COUNTIFS($D$67:$D$212,B125,$L$67:$L$212,"<>",$L$67:$L$212,"<>Hủy",$L$67:$L$212,"<>Chưa lên lịch",$L$67:$L$212,"<>Đã lên lịch")>0,AVERAGEIFS($N$67:$N$212,$D$67:$D$212,B125,$L$67:$L$212,"<>",$L$67:$L$212,"<>Hủy",$L$67:$L$212,"<>Chưa lên lịch",$L$67:$L$212,"<>Đã lên lịch"),IF(L125="Hoàn thành",1,0)))) -> 0 | O125: Có thời hạn | Q125: 46295 | R125: 46235 | T125: 40 | U125: =IF(B125="","",IF(Z125="Có",'Lớp 4 - Danh mục'!AH24,T125)) -> 40 | Z125: =IF(B125="","",IF(COUNTIF($D$67:$D$212,B125)>0,"Có","Không")) -> Không
A126: =IF(OR($B126="",$C126=""),"",COUNTIFS($C$67:$C126,$C126,$B$67:$B126,"<>")) -> 12 | B126: HHL4RD12 | C126: L4 | D126: HHL3RD12 | E126: 2026 | F126: Quy hoạch thông tin SP & truy xuất thông tin | G126: Hệ thống thông tin sản phẩm và cơ chế truy xuất được chuẩn hóa. | I126: R&D | J126: GĐ BOC | K126: Ms Trang | L126: Đang thực hiện | M126: P2 | N126: =IF(B126="","",IF(OR(L126="Chưa lên lịch",L126="Đã lên lịch",L126="Hủy"),"",IF(COUNTIFS($D$67:$D$212,B126,$L$67:$L$212,"<>",$L$67:$L$212,"<>Hủy",$L$67:$L$212,"<>Chưa lên lịch",$L$67:$L$212,"<>Đã lên lịch")>0,AVERAGEIFS($N$67:$N$212,$D$67:$D$212,B126,$L$67:$L$212,"<>",$L$67:$L$212,"<>Hủy",$L$67:$L$212,"<>Chưa lên lịch",$L$67:$L$212,"<>Đã lên lịch"),IF(L126="Hoàn thành",1,0)))) -> 0 | O126: Có thời hạn | Q126: 46326 | R126: 46235 | T126: 40 | U126: =IF(B126="","",IF(Z126="Có",'Lớp 4 - Danh mục'!AH25,T126)) -> 40 | Z126: =IF(B126="","",IF(COUNTIF($D$67:$D$212,B126)>0,"Có","Không")) -> Không
A127: =IF(OR($B127="",$C127=""),"",COUNTIFS($C$67:$C127,$C127,$B$67:$B127,"<>")) -> 13 | B127: HHL4RD13 | C127: L4 | D127: HHL3RD09 | E127: 2026 | F127: XD Tool quét xu hướng & thị trường | G127: Tool quét xu hướng và thị trường vận hành, có dữ liệu đầu ra kiểm chứng. | I127: R&D | J127: GĐ BOC | K127: Ms Trang | L127: Đang thực hiện | M127: P2 | N127: =IF(B127="","",IF(OR(L127="Chưa lên lịch",L127="Đã lên lịch",L127="Hủy"),"",IF(COUNTIFS($D$67:$D$212,B127,$L$67:$L$212,"<>",$L$67:$L$212,"<>Hủy",$L$67:$L$212,"<>Chưa lên lịch",$L$67:$L$212,"<>Đã lên lịch")>0,AVERAGEIFS($N$67:$N$212,$D$67:$D$212,B127,$L$67:$L$212,"<>",$L$67:$L$212,"<>Hủy",$L$67:$L$212,"<>Chưa lên lịch",$L$67:$L$212,"<>Đã lên lịch"),IF(L127="Hoàn thành",1,0)))) -> 0 | O127: Có thời hạn | Q127: 46280 | R127: 46235 | T127: 160 | U127: =IF(B127="","",IF(Z127="Có",'Lớp 4 - Danh mục'!AH26,T127)) -> 160 | Z127: =IF(B127="","",IF(COUNTIF($D$67:$D$212,B127)>0,"Có","Không")) -> Không
A128: 14 | B128: HHL4RD14 | C128: L4 | D128: HHL3RD01 | E128: 2026 | F128: XĐ căn cứ & QH nhân quả giữa NC với QT&PTSP hàng năm | G128: Báo cáo xác định căn cứ và quan hệ nhân quả phục vụ quản trị, phát triển sản phẩm. | I128: R&D | J128: GĐ BOC | K128: Ms Trang | L128: Đang thực hiện | M128: P2 | N128: =IF(B128="","",IF(OR(L128="Chưa lên lịch",L128="Đã lên lịch",L128="Hủy"),"",IF(COUNTIFS($D$67:$D$212,B128,$L$67:$L$212,"<>",$L$67:$L$212,"<>Hủy",$L$67:$L$212,"<>Chưa lên lịch",$L$67:$L$212,"<>Đã lên lịch")>0,AVERAGEIFS($N$67:$N$212,$D$67:$D$212,B128,$L$67:$L$212,"<>",$L$67:$L$212,"<>Hủy",$L$67:$L$212,"<>Chưa lên lịch",$L$67:$L$212,"<>Đã lên lịch"),IF(L128="Hoàn thành",1,0)))) -> 0 | O128: Có thời hạn | Q128: 46285 | R128: 46235 | T128: 40 | U128: =IF(B128="","",IF(Z128="Có",'Lớp 4 - Danh mục'!AH27,T128)) -> 40 | Z128: =IF(B128="","",IF(COUNTIF($D$67:$D$212,B128)>0,"Có","Không")) -> Không
A129: =IF(OR($B129="",$C129=""),"",COUNTIFS($C$67:$C129,$C129,$B$67:$B129,"<>")) -> 15 | B129: HHL4RD15 | C129: L4 | D129: HHL3RD01 | E129: 2026 | F129: Phân tích bộ câu hỏi KS Insight 2024, 2025 | G129: Báo cáo phân tích bộ câu hỏi Customer Insight 2024–2025 và khuyến nghị cải tiến. | I129: R&D | J129: GĐ BOC | K129: Ms Trang | L129: Đang thực hiện | M129: P4 | N129: =IF(B129="","",IF(OR(L129="Chưa lên lịch",L129="Đã lên lịch",L129="Hủy"),"",IF(COUNTIFS($D$67:$D$212,B129,$L$67:$L$212,"<>",$L$67:$L$212,"<>Hủy",$L$67:$L$212,"<>Chưa lên lịch",$L$67:$L$212,"<>Đã lên lịch")>0,AVERAGEIFS($N$67:$N$212,$D$67:$D$212,B129,$L$67:$L$212,"<>",$L$67:$L$212,"<>Hủy",$L$67:$L$212,"<>Chưa lên lịch",$L$67:$L$212,"<>Đã lên lịch"),IF(L129="Hoàn thành",1,0)))) -> 0 | O129: Có thời hạn | Q129: 46244 | R129: 46235 | T129: 24 | U129: =IF(B129="","",IF(Z129="Có",'Lớp 4 - Danh mục'!AH28,T129)) -> 24 | Z129: =IF(B129="","",IF(COUNTIF($D$67:$D$212,B129)>0,"Có","Không")) -> Không
A130: =IF(OR($B130="",$C130=""),"",COUNTIFS($C$67:$C130,$C130,$B$67:$B130,"<>")) -> 16 | B130: HHL4RD16 | C130: L4 | D130: HHL3RD01 | E130: 2026 | F130: Final BCCL xét từ hai yếu tố bên trong & bên ngoài | G130: Báo cáo chiến lược sản phẩm tổng hợp yếu tố bên trong và bên ngoài được phê duyệt. | I130: R&D | J130: GĐ BOC | K130: Ms Trang | L130: Đang thực hiện | M130: P2 | N130: =IF(B130="","",IF(OR(L130="Chưa lên lịch",L130="Đã lên lịch",L130="Hủy"),"",IF(COUNTIFS($D$67:$D$212,B130,$L$67:$L$212,"<>",$L$67:$L$212,"<>Hủy",$L$67:$L$212,"<>Chưa lên lịch",$L$67:$L$212,"<>Đã lên lịch")>0,AVERAGEIFS($N$67:$N$212,$D$67:$D$212,B130,$L$67:$L$212,"<>",$L$67:$L$212,"<>Hủy",$L$67:$L$212,"<>Chưa lên lịch",$L$67:$L$212,"<>Đã lên lịch"),IF(L130="Hoàn thành",1,0)))) -> 0 | O130: Có thời hạn | Q130: 46305 | R130: 46235 | T130: 48 | U130: =IF(B130="","",IF(Z130="Có",'Lớp 4 - Danh mục'!AH29,T130)) -> 48 | Z130: =IF(B130="","",IF(COUNTIF($D$67:$D$212,B130)>0,"Có","Không")) -> Không
A131: =IF(OR($B131="",$C131=""),"",COUNTIFS($C$67:$C131,$C131,$B$67:$B131,"<>")) -> 17 | B131: HHL4RD17 | C131: L4 | D131: HHL3RD02 | E131: 2026 | F131: Tổng hợp TT SP OEM theo NCC (đầy đủ trường dữ liệu) | G131: Cơ sở dữ liệu sản phẩm OEM theo nhà cung cấp đầy đủ trường dữ liệu. | I131: R&D | J131: GĐ BOC | K131: Ms Trang | L131: Đang thực hiện | M131: P2 | N131: =IF(B131="","",IF(OR(L131="Chưa lên lịch",L131="Đã lên lịch",L131="Hủy"),"",IF(COUNTIFS($D$67:$D$212,B131,$L$67:$L$212,"<>",$L$67:$L$212,"<>Hủy",$L$67:$L$212,"<>Chưa lên lịch",$L$67:$L$212,"<>Đã lên lịch")>0,AVERAGEIFS($N$67:$N$212,$D$67:$D$212,B131,$L$67:$L$212,"<>",$L$67:$L$212,"<>Hủy",$L$67:$L$212,"<>Chưa lên lịch",$L$67:$L$212,"<>Đã lên lịch"),IF(L131="Hoàn thành",1,0)))) -> 0 | O131: Có thời hạn | Q131: 46254 | R131: 46235 | T131: 40 | U131: =IF(B131="","",IF(Z131="Có",'Lớp 4 - Danh mục'!AH30,T131)) -> 40 | Z131: =IF(B131="","",IF(COUNTIF($D$67:$D$212,B131)>0,"Có","Không")) -> Không
A132: =IF(OR($B132="",$C132=""),"",COUNTIFS($C$67:$C132,$C132,$B$67:$B132,"<>")) -> 18 | B132: HHL4RD18 | C132: L4 | D132: HHL3RD01 | E132: 2026 | F132: Chốt kế hoạch KSTT & KH | G132: Kế hoạch khảo sát thị trường và kế hoạch triển khai được chốt. | I132: R&D | J132: GĐ BOC | K132: Ms Trang | L132: Đang thực hiện | M132: P2 | N132: =IF(B132="","",IF(OR(L132="Chưa lên lịch",L132="Đã lên lịch",L132="Hủy"),"",IF(COUNTIFS($D$67:$D$212,B132,$L$67:$L$212,"<>",$L$67:$L$212,"<>Hủy",$L$67:$L$212,"<>Chưa lên lịch",$L$67:$L$212,"<>Đã lên lịch")>0,AVERAGEIFS($N$67:$N$212,$D$67:$D$212,B132,$L$67:$L$212,"<>",$L$67:$L$212,"<>Hủy",$L$67:$L$212,"<>Chưa lên lịch",$L$67:$L$212,"<>Đã lên lịch"),IF(L132="Hoàn thành",1,0)))) -> 0 | O132: Có thời hạn | Q132: 46295 | R132: 46235 | T132: 32 | U132: =IF(B132="","",IF(Z132="Có",'Lớp 4 - Danh mục'!AH31,T132)) -> 32 | Z132: =IF(B132="","",IF(COUNTIF($D$67:$D$212,B132)>0,"Có","Không")) -> Không
A133: =IF(OR($B133="",$C133=""),"",COUNTIFS($C$67:$C133,$C133,$B$67:$B133,"<>")) -> 19 | B133: HHL4RD19 | C133: L4 | D133: HHL3RD02 | E133: 2026 | F133: TH & BC đánh giá hiệu quả của SP OEM từ 2022 đến nay | G133: Báo cáo đánh giá hiệu quả sản phẩm OEM từ 2022 đến nay. | I133: R&D | J133: GĐ BOC | K133: Ms Trang | L133: Đang thực hiện | M133: P2 | N133: =IF(B133="","",IF(OR(L133="Chưa lên lịch",L133="Đã lên lịch",L133="Hủy"),"",IF(COUNTIFS($D$67:$D$212,B133,$L$67:$L$212,"<>",$L$67:$L$212,"<>Hủy",$L$67:$L$212,"<>Chưa lên lịch",$L$67:$L$212,"<>Đã lên lịch")>0,AVERAGEIFS($N$67:$N$212,$D$67:$D$212,B133,$L$67:$L$212,"<>",$L$67:$L$212,"<>Hủy",$L$67:$L$212,"<>Chưa lên lịch",$L$67:$L$212,"<>Đã lên lịch"),IF(L133="Hoàn thành",1,0)))) -> 0 | O133: Có thời hạn | Q133: 46244 | R133: 46235 | T133: 40 | U133: =IF(B133="","",IF(Z133="Có",'Lớp 4 - Danh mục'!AH32,T133)) -> 40 | Z133: =IF(B133="","",IF(COUNTIF($D$67:$D$212,B133)>0,"Có","Không")) -> Không
A134: =IF(OR($B134="",$C134=""),"",COUNTIFS($C$67:$C134,$C134,$B$67:$B134,"<>")) -> 20 | B134: HHL4RD20 | C134: L4 | D134: HHL3RD01 | E134: 2026 | F134: Đánh giá QHSP 2026, các vđ cần khắc phục | G134: Báo cáo đánh giá quy hoạch sản phẩm 2026 và danh mục vấn đề cần khắc phục. | I134: R&D | J134: GĐ BOC | K134: Ms Trang | L134: Đang thực hiện | M134: P4 | N134: =IF(B134="","",IF(OR(L134="Chưa lên lịch",L134="Đã lên lịch",L134="Hủy"),"",IF(COUNTIFS($D$67:$D$212,B134,$L$67:$L$212,"<>",$L$67:$L$212,"<>Hủy",$L$67:$L$212,"<>Chưa lên lịch",$L$67:$L$212,"<>Đã lên lịch")>0,AVERAGEIFS($N$67:$N$212,$D$67:$D$212,B134,$L$67:$L$212,"<>",$L$67:$L$212,"<>Hủy",$L$67:$L$212,"<>Chưa lên lịch",$L$67:$L$212,"<>Đã lên lịch"),IF(L134="Hoàn thành",1,0)))) -> 0 | O134: Có thời hạn | Q134: 46295 | R134: 46235 | T134: 40 | U134: =IF(B134="","",IF(Z134="Có",'Lớp 4 - Danh mục'!AH33,T134)) -> 40 | Z134: =IF(B134="","",IF(COUNTIF($D$67:$D$212,B134)>0,"Có","Không")) -> Không
A135: =IF(OR($B135="",$C135=""),"",COUNTIFS($C$67:$C135,$C135,$B$67:$B135,"<>")) -> 21 | B135: HHL4RD21 | C135: L4 | D135: HHL3RD01 | E135: 2026 | F135: Đào tạo nội bộ cútomer Insight phục vụ NC & PTSP | G135: Hoàn thành đào tạo nội bộ Customer Insight, có tài liệu và đánh giá sau đào tạo. | I135: R&D | J135: GĐ BOC | K135: Ms Trang | L135: Đang thực hiện | M135: P2 | N135: =IF(B135="","",IF(OR(L135="Chưa lên lịch",L135="Đã lên lịch",L135="Hủy"),"",IF(COUNTIFS($D$67:$D$212,B135,$L$67:$L$212,"<>",$L$67:$L$212,"<>Hủy",$L$67:$L$212,"<>Chưa lên lịch",$L$67:$L$212,"<>Đã lên lịch")>0,AVERAGEIFS($N$67:$N$212,$D$67:$D$212,B135,$L$67:$L$212,"<>",$L$67:$L$212,"<>Hủy",$L$67:$L$212,"<>Chưa lên lịch",$L$67:$L$212,"<>Đã lên lịch"),IF(L135="Hoàn thành",1,0)))) -> 0 | O135: Có thời hạn | Q135: 46305 | R135: 46235 | T135: 40 | U135: =IF(B135="","",IF(Z135="Có",'Lớp 4 - Danh mục'!AH34,T135)) -> 40 | Z135: =IF(B135="","",IF(COUNTIF($D$67:$D$212,B135)>0,"Có","Không")) -> Không
A136: =IF(OR($B136="",$C136=""),"",COUNTIFS($C$67:$C136,$C136,$B$67:$B136,"<>")) -> 22 | B136: HHL4RD22 | C136: L4 | D136: HHL3RD12 | E136: 2026 | F136: Xây dựng Bộ quy tắc & ngưỡng điều tiết cung ứng hàng hóa | G136: Bộ quy tắc và ngưỡng điều tiết cung ứng được phê duyệt, sẵn sàng áp dụng. | I136: R&D | J136: GĐ BOC | K136: Ms Trang | L136: Đang thực hiện | M136: P2 | N136: =IF(B136="","",IF(OR(L136="Chưa lên lịch",L136="Đã lên lịch",L136="Hủy"),"",IF(COUNTIFS($D$67:$D$212,B136,$L$67:$L$212,"<>",$L$67:$L$212,"<>Hủy",$L$67:$L$212,"<>Chưa lên lịch",$L$67:$L$212,"<>Đã lên lịch")>0,AVERAGEIFS($N$67:$N$212,$D$67:$D$212,B136,$L$67:$L$212,"<>",$L$67:$L$212,"<>Hủy",$L$67:$L$212,"<>Chưa lên lịch",$L$67:$L$212,"<>Đã lên lịch"),IF(L136="Hoàn thành",1,0)))) -> 0 | O136: Có thời hạn | Q136: 46356 | R136: 46235 | T136: 40 | U136: =IF(B136="","",IF(Z136="Có",'Lớp 4 - Danh mục'!AH35,T136)) -> 40 | Z136: =IF(B136="","",IF(COUNTIF($D$67:$D$212,B136)>0,"Có","Không")) -> Không
A137: =IF(OR($B137="",$C137=""),"",COUNTIFS($C$67:$C137,$C137,$B$67:$B137,"<>")) -> 23 | B137: HHL4RD23 | C137: L4 | D137: HHL3RD12 | E137: 2026 | F137: Số hoá BC theo dõi SP hàng bán theo kênh | G137: Báo cáo số hóa theo dõi sản phẩm hàng bán theo kênh vận hành ổn định. | I137: R&D | J137: GĐ BOC | K137: Ms Trang | L137: Đang thực hiện | M137: P2 | N137: =IF(B137="","",IF(OR(L137="Chưa lên lịch",L137="Đã lên lịch",L137="Hủy"),"",IF(COUNTIFS($D$67:$D$212,B137,$L$67:$L$212,"<>",$L$67:$L$212,"<>Hủy",$L$67:$L$212,"<>Chưa lên lịch",$L$67:$L$212,"<>Đã lên lịch")>0,AVERAGEIFS($N$67:$N$212,$D$67:$D$212,B137,$L$67:$L$212,"<>",$L$67:$L$212,"<>Hủy",$L$67:$L$212,"<>Chưa lên lịch",$L$67:$L$212,"<>Đã lên lịch"),IF(L137="Hoàn thành",1,0)))) -> 0 | O137: Có thời hạn | Q137: 46371 | R137: 46235 | T137: 40 | U137: =IF(B137="","",IF(Z137="Có",'Lớp 4 - Danh mục'!AH36,T137)) -> 40 | Z137: =IF(B137="","",IF(COUNTIF($D$67:$D$212,B137)>0,"Có","Không")) -> Không
A138: =IF(OR($B138="",$C138=""),"",COUNTIFS($C$67:$C138,$C138,$B$67:$B138,"<>")) -> 24 | B138: HHL4RD24 | C138: L4 | D138: HHL3RD02 | E138: 2026 | F138: Tổ chức hệ thống Soursing hàng OEM có CO trong nước | G138: Hệ thống sourcing hàng OEM có CO trong nước được thiết lập và vận hành. | I138: R&D | J138: GĐ BOC | K138: Ms Trang | L138: Đang thực hiện | M138: P2 | N138: =IF(B138="","",IF(OR(L138="Chưa lên lịch",L138="Đã lên lịch",L138="Hủy"),"",IF(COUNTIFS($D$67:$D$212,B138,$L$67:$L$212,"<>",$L$67:$L$212,"<>Hủy",$L$67:$L$212,"<>Chưa lên lịch",$L$67:$L$212,"<>Đã lên lịch")>0,AVERAGEIFS($N$67:$N$212,$D$67:$D$212,B138,$L$67:$L$212,"<>",$L$67:$L$212,"<>Hủy",$L$67:$L$212,"<>Chưa lên lịch",$L$67:$L$212,"<>Đã lên lịch"),IF(L138="Hoàn thành",1,0)))) -> 0 | O138: Có thời hạn | Q138: 46274 | R138: 46235 | T138: 40 | U138: =IF(B138="","",IF(Z138="Có",'Lớp 4 - Danh mục'!AH37,T138)) -> 40 | Z138: =IF(B138="","",IF(COUNTIF($D$67:$D$212,B138)>0,"Có","Không")) -> Không
A139: =IF(OR($B139="",$C139=""),"",COUNTIFS($C$67:$C139,$C139,$B$67:$B139,"<>")) -> 25 | B139: HHL4DL08 | C139: L4 | D139: HHL3DL08 | E139: 2026 | F139: XD phần mềm tính contenr hàng hoá xuất khẩu | G139: Phần mềm tính container hàng xuất khẩu chạy đúng, có kiểm thử và hướng dẫn. | I139: Dữ liệu điều hành | J139: GĐ BOC | K139: Em Đại | L139: Chưa bắt đầu | M139: P3 | N139: =IF(B139="","",IF(OR(L139="Chưa lên lịch",L139="Đã lên lịch",L139="Hủy"),"",IF(COUNTIFS($D$67:$D$212,B139,$L$67:$L$212,"<>",$L$67:$L$212,"<>Hủy",$L$67:$L$212,"<>Chưa lên lịch",$L$67:$L$212,"<>Đã lên lịch")>0,AVERAGEIFS($N$67:$N$212,$D$67:$D$212,B139,$L$67:$L$212,"<>",$L$67:$L$212,"<>Hủy",$L$67:$L$212,"<>Chưa lên lịch",$L$67:$L$212,"<>Đã lên lịch"),IF(L139="Hoàn thành",1,0)))) -> 0 | O139: Có thời hạn | Q139: 46236 | R139: 46232 | T139: 120 | U139: =IF(B139="","",IF(Z139="Có",'Lớp 4 - Danh mục'!AH38,T139)) -> 120 | Z139: =IF(B139="","",IF(COUNTIF($D$67:$D$212,B139)>0,"Có","Không")) -> Không
A140: =IF(OR($B140="",$C140=""),"",COUNTIFS($C$67:$C140,$C140,$B$67:$B140,"<>")) -> 26 | B140: HHL4DL09 | C140: L4 | D140: HHL3DL09 | E140: 2026 | F140: Hỗ trợ phòng KT ( ct, tính lương, ....) | G140: Yêu cầu hỗ trợ phòng Kế toán được xử lý, đối soát và xác nhận. | I140: Dữ liệu điều hành | J140: GĐ BOC | K140: Em Đại | L140: Chưa bắt đầu | M140: P3 | N140: =IF(B140="","",IF(OR(L140="Chưa lên lịch",L140="Đã lên lịch",L140="Hủy"),"",IF(COUNTIFS($D$67:$D$212,B140,$L$67:$L$212,"<>",$L$67:$L$212,"<>Hủy",$L$67:$L$212,"<>Chưa lên lịch",$L$67:$L$212,"<>Đã lên lịch")>0,AVERAGEIFS($N$67:$N$212,$D$67:$D$212,B140,$L$67:$L$212,"<>",$L$67:$L$212,"<>Hủy",$L$67:$L$212,"<>Chưa lên lịch",$L$67:$L$212,"<>Đã lên lịch"),IF(L140="Hoàn thành",1,0)))) -> 0 | O140: Chưa xếp lịch | T140: 60 | U140: =IF(B140="","",IF(Z140="Có",'Lớp 4 - Danh mục'!AH39,T140)) -> 60 | Z140: =IF(B140="","",IF(COUNTIF($D$67:$D$212,B140)>0,"Có","Không")) -> Không
A141: =IF(OR($B141="",$C141=""),"",COUNTIFS($C$67:$C141,$C141,$B$67:$B141,"<>")) -> 27 | B141: HHL4DL10 | C141: L4 | D141: HHL3DL09 | E141: 2026 | F141: Đối chiếu truy xuất DL DMS với anh Mạnh | G141: Dữ liệu DMS được đối chiếu, truy xuất và xác nhận chênh lệch. | I141: Dữ liệu điều hành | J141: GĐ BOC | K141: Em Đại | L141: Chưa bắt đầu | M141: P3 | N141: =IF(B141="","",IF(OR(L141="Chưa lên lịch",L141="Đã lên lịch",L141="Hủy"),"",IF(COUNTIFS($D$67:$D$212,B141,$L$67:$L$212,"<>",$L$67:$L$212,"<>Hủy",$L$67:$L$212,"<>Chưa lên lịch",$L$67:$L$212,"<>Đã lên lịch")>0,AVERAGEIFS($N$67:$N$212,$D$67:$D$212,B141,$L$67:$L$212,"<>",$L$67:$L$212,"<>Hủy",$L$67:$L$212,"<>Chưa lên lịch",$L$67:$L$212,"<>Đã lên lịch"),IF(L141="Hoàn thành",1,0)))) -> 0 | O141: Có thời hạn | Q141: 46280 | R141: 46237 | T141: 60 | U141: =IF(B141="","",IF(Z141="Có",'Lớp 4 - Danh mục'!AH40,T141)) -> 60 | Z141: =IF(B141="","",IF(COUNTIF($D$67:$D$212,B141)>0,"Có","Không")) -> Không
A142: =IF(OR($B142="",$C142=""),"",COUNTIFS($C$67:$C142,$C142,$B$67:$B142,"<>")) -> 28 | B142: HHL4DL11 | C142: L4 | D142: HHL3DL09 | E142: 2026 | F142: XDHT cảnh báo | G142: Hệ thống cảnh báo vận hành đúng ngưỡng, có kiểm thử và bàn giao. | I142: Dữ liệu điều hành | J142: GĐ BOC | K142: Em Đại | L142: Chưa bắt đầu | M142: P2 | N142: =IF(B142="","",IF(OR(L142="Chưa lên lịch",L142="Đã lên lịch",L142="Hủy"),"",IF(COUNTIFS($D$67:$D$212,B142,$L$67:$L$212,"<>",$L$67:$L$212,"<>Hủy",$L$67:$L$212,"<>Chưa lên lịch",$L$67:$L$212,"<>Đã lên lịch")>0,AVERAGEIFS($N$67:$N$212,$D$67:$D$212,B142,$L$67:$L$212,"<>",$L$67:$L$212,"<>Hủy",$L$67:$L$212,"<>Chưa lên lịch",$L$67:$L$212,"<>Đã lên lịch"),IF(L142="Hoàn thành",1,0)))) -> 0 | O142: Có thời hạn | Q142: 46237 | R142: 46233 | T142: 240 | U142: =IF(B142="","",IF(Z142="Có",'Lớp 4 - Danh mục'!AH41,T142)) -> 240 | Z142: =IF(B142="","",IF(COUNTIF($D$67:$D$212,B142)>0,"Có","Không")) -> Không
A143: =IF(OR($B143="",$C143=""),"",COUNTIFS($C$67:$C143,$C143,$B$67:$B143,"<>")) -> 29 | B143: HHL4DL14 | C143: L4 | D143: HHL3DL06 | E143: 2026 | F143: Xây dựng hệ thống quản lý nhà cung cấp | G143: Hệ thống quản lý nhà cung cấp có dữ liệu, tiêu chí đánh giá và cảnh báo. | I143: Dữ liệu điều hành | J143: GĐ BOC | K143: Em Đại | L143: Chưa bắt đầu | M143: P2 | N143: =IF(B143="","",IF(OR(L143="Chưa lên lịch",L143="Đã lên lịch",L143="Hủy"),"",IF(COUNTIFS($D$67:$D$212,B143,$L$67:$L$212,"<>",$L$67:$L$212,"<>Hủy",$L$67:$L$212,"<>Chưa lên lịch",$L$67:$L$212,"<>Đã lên lịch")>0,AVERAGEIFS($N$67:$N$212,$D$67:$D$212,B143,$L$67:$L$212,"<>",$L$67:$L$212,"<>Hủy",$L$67:$L$212,"<>Chưa lên lịch",$L$67:$L$212,"<>Đã lên lịch"),IF(L143="Hoàn thành",1,0)))) -> 0 | O143: Có thời hạn | Q143: 46264 | R143: 46235 | T143: 240 | U143: =IF(B143="","",IF(Z143="Có",'Lớp 4 - Danh mục'!AH42,T143)) -> 240 | Z143: =IF(B143="","",IF(COUNTIF($D$67:$D$212,B143)>0,"Có","Không")) -> Không
A144: =IF(OR($B144="",$C144=""),"",COUNTIFS($C$67:$C144,$C144,$B$67:$B144,"<>")) -> 30 | B144: HHL4DL15 | C144: L4 | D144: HHL3DL03 | E144: 2026 | F144: BC về NLSX & cung ứng hàng hoá | G144: Báo cáo năng lực sản xuất và cung ứng hàng hóa được chuẩn hóa, cập nhật. | I144: Dữ liệu điều hành | J144: GĐ BOC | K144: Em Đại | L144: Chưa bắt đầu | M144: P2 | N144: =IF(B144="","",IF(OR(L144="Chưa lên lịch",L144="Đã lên lịch",L144="Hủy"),"",IF(COUNTIFS($D$67:$D$212,B144,$L$67:$L$212,"<>",$L$67:$L$212,"<>Hủy",$L$67:$L$212,"<>Chưa lên lịch",$L$67:$L$212,"<>Đã lên lịch")>0,AVERAGEIFS($N$67:$N$212,$D$67:$D$212,B144,$L$67:$L$212,"<>",$L$67:$L$212,"<>Hủy",$L$67:$L$212,"<>Chưa lên lịch",$L$67:$L$212,"<>Đã lên lịch"),IF(L144="Hoàn thành",1,0)))) -> 0 | O144: Có thời hạn | Q144: 46310 | R144: 46237 | T144: 160 | U144: =IF(B144="","",IF(Z144="Có",'Lớp 4 - Danh mục'!AH46,T144)) -> 160 | Z144: =IF(B144="","",IF(COUNTIF($D$67:$D$212,B144)>0,"Có","Không")) -> Không
A145: =IF(OR($B145="",$C145=""),"",COUNTIFS($C$67:$C145,$C145,$B$67:$B145,"<>")) -> 31 | B145: HHL4DL16 | C145: L4 | D145: HHL3DL12 | E145: 2026 | F145: Dự án CĐS SP hiện hữu & bao bì SP(QRvalueADDon) | I145: Dữ liệu điều hành | J145: GĐ BOC | K145: Em Đại | N145: =IF(B145="","",IF(OR(L145="Chưa lên lịch",L145="Đã lên lịch",L145="Hủy"),"",IF(COUNTIFS($D$67:$D$212,B145,$L$67:$L$212,"<>",$L$67:$L$212,"<>Hủy",$L$67:$L$212,"<>Chưa lên lịch",$L$67:$L$212,"<>Đã lên lịch")>0,AVERAGEIFS($N$67:$N$212,$D$67:$D$212,B145,$L$67:$L$212,"<>",$L$67:$L$212,"<>Hủy",$L$67:$L$212,"<>Chưa lên lịch",$L$67:$L$212,"<>Đã lên lịch"),IF(L145="Hoàn thành",1,0)))) -> 0 | U145: =IF(B145="","",IF(Z145="Có",'Lớp 4 - Danh mục'!AH131,T145)) | Z145: =IF(B145="","",IF(COUNTIF($D$67:$D$212,B145)>0,"Có","Không")) -> Không
A146: =IF(OR($B146="",$C146=""),"",COUNTIFS($C$67:$C146,$C146,$B$67:$B146,"<>")) -> 32 | B146: HHL4DL17 | C146: L4 | D146: HHL3DL12 | E146: 2026 | F146: Số hoá DL quản trị all BOC & all PB | I146: Dữ liệu điều hành | J146: GĐ BOC | K146: Em Đại | N146: =IF(B146="","",IF(OR(L146="Chưa lên lịch",L146="Đã lên lịch",L146="Hủy"),"",IF(COUNTIFS($D$67:$D$212,B146,$L$67:$L$212,"<>",$L$67:$L$212,"<>Hủy",$L$67:$L$212,"<>Chưa lên lịch",$L$67:$L$212,"<>Đã lên lịch")>0,AVERAGEIFS($N$67:$N$212,$D$67:$D$212,B146,$L$67:$L$212,"<>",$L$67:$L$212,"<>Hủy",$L$67:$L$212,"<>Chưa lên lịch",$L$67:$L$212,"<>Đã lên lịch"),IF(L146="Hoàn thành",1,0)))) -> 0 | U146: =IF(B146="","",IF(Z146="Có",'Lớp 4 - Danh mục'!AH132,T146)) | Z146: =IF(B146="","",IF(COUNTIF($D$67:$D$212,B146)>0,"Có","Không")) -> Có
A147: 33 | B147: HHL4RD25 | C147: L4 | D147: HHL3RD01 | E147: 2026 | F147: Khảo sát báo cáo về nhu cầu khách hàng | I147: R&D | J147: GĐ BOC | K147: GĐ BOC | N147: =IF(B147="","",IF(OR(L147="Chưa lên lịch",L147="Đã lên lịch",L147="Hủy"),"",IF(COUNTIFS($D$67:$D$212,B147,$L$67:$L$212,"<>",$L$67:$L$212,"<>Hủy",$L$67:$L$212,"<>Chưa lên lịch",$L$67:$L$212,"<>Đã lên lịch")>0,AVERAGEIFS($N$67:$N$212,$D$67:$D$212,B147,$L$67:$L$212,"<>",$L$67:$L$212,"<>Hủy",$L$67:$L$212,"<>Chưa lên lịch",$L$67:$L$212,"<>Đã lên lịch"),IF(L147="Hoàn thành",1,0)))) -> 0 | U147: =IF(B147="","",IF(Z147="Có",'Lớp 4 - Danh mục'!AH133,T147)) | Z147: =IF(B147="","",IF(COUNTIF($D$67:$D$212,B147)>0,"Có","Không")) -> Không
A148: 34 | B148: HHL4RD26 | C148: L4 | D148: HHL3RD01 | E148: 2026 | F148: Cắt lớp nội tại hiện tại SP HHa | I148: R&D | J148: GĐ BOC | Z148: Có
A149: 35 | B149: HHL4RD27 | C149: L4 | D149: HHL3RD01 | E149: 2026 | F149: Báo cáo đánh giá NCC SP OEM | I149: R&D | J149: GĐ BOC | Z149: Có
A150: 36 | B150: HHL4RD28 | C150: L4 | D150: HHL3RD01 | E150: 2026 | F150: Khảo sát phân tích đối thủ | I150: R&D | J150: GĐ BOC | Z150: Không
A151: 37 | B151: HHL4RD29 | C151: L4 | D151: HHL3RD01 | E151: 2026 | F151: Phân tích xu hướng | I151: R&D | J151: GĐ BOC | Z151: Không
A152: 38 | B152: HHL4RD30 | C152: L4 | D152: HHL3RD01 | E152: 2026 | F152: Báo cáo phân tích yếu tố vĩ mô (PEST) | I152: R&D | J152: GĐ BOC | Z152: Không
A153: =IF(OR($B153="",$C153=""),"",COUNTIFS($C$67:$C153,$C153,$B$67:$B153,"<>")) | C153: L4 | N153: =IF(B153="","",IF(OR(L153="Chưa lên lịch",L153="Đã lên lịch",L153="Hủy"),"",IF(COUNTIFS($D$67:$D$212,B153,$L$67:$L$212,"<>",$L$67:$L$212,"<>Hủy",$L$67:$L$212,"<>Chưa lên lịch",$L$67:$L$212,"<>Đã lên lịch")>0,AVERAGEIFS($N$67:$N$212,$D$67:$D$212,B153,$L$67:$L$212,"<>",$L$67:$L$212,"<>Hủy",$L$67:$L$212,"<>Chưa lên lịch",$L$67:$L$212,"<>Đã lên lịch"),IF(L153="Hoàn thành",1,0)))) | U153: =IF(B153="","",IF(Z153="Có",'Lớp 4 - Danh mục'!AH134,T153)) | Z153: =IF(B153="","",IF(COUNTIF($D$67:$D$212,B153)>0,"Có","Không"))
A154: =IF(OR($B154="",$C154=""),"",COUNTIFS($C$67:$C154,$C154,$B$67:$B154,"<>")) | C154: L4 | N154: =IF(B154="","",IF(OR(L154="Chưa lên lịch",L154="Đã lên lịch",L154="Hủy"),"",IF(COUNTIFS($D$67:$D$212,B154,$L$67:$L$212,"<>",$L$67:$L$212,"<>Hủy",$L$67:$L$212,"<>Chưa lên lịch",$L$67:$L$212,"<>Đã lên lịch")>0,AVERAGEIFS($N$67:$N$212,$D$67:$D$212,B154,$L$67:$L$212,"<>",$L$67:$L$212,"<>Hủy",$L$67:$L$212,"<>Chưa lên lịch",$L$67:$L$212,"<>Đã lên lịch"),IF(L154="Hoàn thành",1,0)))) | U154: =IF(B154="","",IF(Z154="Có",'Lớp 4 - Danh mục'!AH135,T154)) | Z154: =IF(B154="","",IF(COUNTIF($D$67:$D$212,B154)>0,"Có","Không"))
A155: =IF(OR($B155="",$C155=""),"",COUNTIFS($C$67:$C155,$C155,$B$67:$B155,"<>")) | C155: L4 | N155: =IF(B155="","",IF(OR(L155="Chưa lên lịch",L155="Đã lên lịch",L155="Hủy"),"",IF(COUNTIFS($D$67:$D$212,B155,$L$67:$L$212,"<>",$L$67:$L$212,"<>Hủy",$L$67:$L$212,"<>Chưa lên lịch",$L$67:$L$212,"<>Đã lên lịch")>0,AVERAGEIFS($N$67:$N$212,$D$67:$D$212,B155,$L$67:$L$212,"<>",$L$67:$L$212,"<>Hủy",$L$67:$L$212,"<>Chưa lên lịch",$L$67:$L$212,"<>Đã lên lịch"),IF(L155="Hoàn thành",1,0)))) | U155: =IF(B155="","",IF(Z155="Có",'Lớp 4 - Danh mục'!AH136,T155)) | Z155: =IF(B155="","",IF(COUNTIF($D$67:$D$212,B155)>0,"Có","Không"))
A156: =IF(OR($B156="",$C156=""),"",COUNTIFS($C$67:$C156,$C156,$B$67:$B156,"<>")) | C156: L4 | N156: =IF(B156="","",IF(OR(L156="Chưa lên lịch",L156="Đã lên lịch",L156="Hủy"),"",IF(COUNTIFS($D$67:$D$212,B156,$L$67:$L$212,"<>",$L$67:$L$212,"<>Hủy",$L$67:$L$212,"<>Chưa lên lịch",$L$67:$L$212,"<>Đã lên lịch")>0,AVERAGEIFS($N$67:$N$212,$D$67:$D$212,B156,$L$67:$L$212,"<>",$L$67:$L$212,"<>Hủy",$L$67:$L$212,"<>Chưa lên lịch",$L$67:$L$212,"<>Đã lên lịch"),IF(L156="Hoàn thành",1,0)))) | U156: =IF(B156="","",IF(Z156="Có",'Lớp 4 - Danh mục'!AH137,T156)) | Z156: =IF(B156="","",IF(COUNTIF($D$67:$D$212,B156)>0,"Có","Không"))
A157: LỚP 5 — PHÂN CÔNG (L5)
A158: 🔎 TÌM CHA L4 | C158: {=IF(TRIM(B158)="","",LET(k,TRIM(B158),p,IFERROR(XMATCH("*"&k&"*",$B$115:$B$156,2),IFERROR(XMATCH("*"&k&"*",$F$115:$F$156,2),0)),IF(p=0,"Không tìm thấy",INDEX($B$115:$B$156,p)&" | "&INDEX($F$115:$F$156,p)&" | Dòng "&(p+102))))}
A159: =IF(OR($B159="",$C159=""),"",COUNTIFS($C$67:$C159,$C159,$B$67:$B159,"<>")) -> 1 | B159: HHL5DL01-01 | C159: L5 | D159: HHL4DL01 | E159: 2026 | F159: Liệt kê & giải quyết vấn đề còn tồn tại công thức 2025 (CK/TK/phân biệt NPP) GT | G159: Công thức được TGĐ duyết | I159: Dữ liệu điều hành | J159: GĐ BOC | K159: GĐ BOC | L159: Chưa bắt đầu | M159: P1 | N159: 0.65 | O159: Có thời hạn | Q159: 46249 | R159: 46237 | T159: 16 | U159: =IF(B159="","",IF(Z159="Có",'Lớp 5 - Phân công'!AI14,T159)) -> 16 | V159: Tuần | W159: 8 | Z159: =IF(B159="","",IF(COUNTIF($D$67:$D$212,B159)>0,"Có","Không")) -> Không
A160: =IF(OR($B160="",$C160=""),"",COUNTIFS($C$67:$C160,$C160,$B$67:$B160,"<>")) -> 2 | B160: HHL5DL01-02 | C160: L5 | D160: HHL4DL01 | E160: 2026 | F160: Chốt lại đề bài với GĐ BOC & GT | G160: Biên bản đề bài Word | I160: Dữ liệu điều hành | J160: GĐ BOC | K160: GĐ BOC | L160: Chưa bắt đầu | M160: P1 | N160: 0.65 | O160: Có thời hạn | Q160: 46254 | R160: 46250 | T160: 4 | U160: =IF(B160="","",IF(Z160="Có",'Lớp 5 - Phân công'!AI15,T160)) -> 4 | V160: Tuần | W160: 4 | Z160: =IF(B160="","",IF(COUNTIF($D$67:$D$212,B160)>0,"Có","Không")) -> Không
A161: =IF(OR($B161="",$C161=""),"",COUNTIFS($C$67:$C161,$C161,$B$67:$B161,"<>")) -> 3 | B161: HHL5DL01-03 | C161: L5 | D161: HHL4DL01 | E161: 2026 | F161: XD bảng Excel & HT phần mềm (chạy demo) &GT | G161: File Excel HT theo dãy tham số | I161: Dữ liệu điều hành | J161: GĐ BOC | K161: Em Đại | L161: Chưa bắt đầu | M161: P1 | N161: 0.65 | O161: Có thời hạn | Q161: 46264 | R161: 46255 | T161: 16 | U161: =IF(B161="","",IF(Z161="Có",'Lớp 5 - Phân công'!AI16,T161)) -> 16 | V161: Tuần | W161: 16 | Z161: =IF(B161="","",IF(COUNTIF($D$67:$D$212,B161)>0,"Có","Không")) -> Không
A162: =IF(OR($B162="",$C162=""),"",COUNTIFS($C$67:$C162,$C162,$B$67:$B162,"<>")) -> 4 | B162: HHL5DL01-04 | C162: L5 | D162: HHL4DL01 | E162: 2026 | F162: Chạy tham số Topdown GT | G162: Kết qủa chạy top-down | I162: Dữ liệu điều hành | J162: GĐ BOC | K162: Em Đại | L162: Chưa bắt đầu | M162: P1 | N162: =IF(B162="","",IF(OR(L162="Chưa lên lịch",L162="Đã lên lịch",L162="Hủy"),"",IF(COUNTIFS($D$67:$D$212,B162,$L$67:$L$212,"<>",$L$67:$L$212,"<>Hủy",$L$67:$L$212,"<>Chưa lên lịch",$L$67:$L$212,"<>Đã lên lịch")>0,AVERAGEIFS($N$67:$N$212,$D$67:$D$212,B162,$L$67:$L$212,"<>",$L$67:$L$212,"<>Hủy",$L$67:$L$212,"<>Chưa lên lịch",$L$67:$L$212,"<>Đã lên lịch"),IF(L162="Hoàn thành",1,0)))) -> 0 | O162: Có thời hạn | Q162: 46270 | R162: 46265 | T162: 8 | U162: =IF(B162="","",IF(Z162="Có",'Lớp 5 - Phân công'!AI17,T162)) -> 8 | V162: Tuần | W162: 8 | Z162: =IF(B162="","",IF(COUNTIF($D$67:$D$212,B162)>0,"Có","Không")) -> Không
A163: =IF(OR($B163="",$C163=""),"",COUNTIFS($C$67:$C163,$C163,$B$67:$B163,"<>")) -> 5 | B163: HHL5DL01-05 | C163: L5 | D163: HHL4DL01 | E163: 2026 | F163: Chạy tham số Bottom-up theo khu vực vùng miền GT | G163: Bộ kết quả Bottom-up vòng 1 | I163: Dữ liệu điều hành | J163: GĐ BOC | K163: Em Đại | L163: Đã lên lịch | M163: P1 | N163: =IF(B163="","",IF(OR(L163="Chưa lên lịch",L163="Đã lên lịch",L163="Hủy"),"",IF(COUNTIFS($D$67:$D$212,B163,$L$67:$L$212,"<>",$L$67:$L$212,"<>Hủy",$L$67:$L$212,"<>Chưa lên lịch",$L$67:$L$212,"<>Đã lên lịch")>0,AVERAGEIFS($N$67:$N$212,$D$67:$D$212,B163,$L$67:$L$212,"<>",$L$67:$L$212,"<>Hủy",$L$67:$L$212,"<>Chưa lên lịch",$L$67:$L$212,"<>Đã lên lịch"),IF(L163="Hoàn thành",1,0)))) | O163: Có thời hạn | Q163: 46305 | R163: 46271 | T163: 96 | U163: =IF(B163="","",IF(Z163="Có",'Lớp 5 - Phân công'!AI18,T163)) -> 96 | V163: Tuần | W163: 32 | Z163: =IF(B163="","",IF(COUNTIF($D$67:$D$212,B163)>0,"Có","Không")) -> Không
...

Sheet Bản đồ công việc
A1: CONTROL TOWER CÔNG VIỆC
A2: Một điểm nhìn duy nhất: việc cần can thiệp → tải nguồn lực → nhịp deadline → cây L3–L6. Sheet tự động cập nhật; truy vết từng việc tại cột VỊ TRÍ DỮ LIỆU GỐC. | Q2: NGÔN NGỮ BẢN ĐỒ
Q3: ◆ L3 – Công việc chính
A4: TỔNG NÚT CÔNG VIỆC | B4: =COUNTIF($X$24:$X$700,"<>") -> 113 | D4: ƯU TIÊN P1 | E4: =COUNTIFS($X$24:$X$700,"<>",$AB$24:$AB$700,"P1") -> 35 | G4: ĐÃ QUÁ HẠN | H4: =COUNTIFS($X$24:$X$700,"<>",$AI$24:$AI$700,"🔴*") -> 5 | J4: HẠN TRONG 7 NGÀY | K4: =COUNTIFS($X$24:$X$700,"<>",$AI$24:$AI$700,"🟠*") -> 3 | M4: GIỜ CÒN LẠI | N4: =SUMIFS($AH$24:$AH$700,$X$24:$X$700,"<>") -> #REF! | Q4: ├─ L4 – Danh mục
Q5: ├─ L5 – Nhiệm vụ
A6: TOP 3 VIỆC CẦN CAN THIỆP | Q6: └─ L6 – Chi tiết cuối
A7: Công việc | B7: Người thực hiện | C7: Ưu tiên | D7: Tiến độ | E7: Deadline | F7: Giờ còn lại | G7: Cảnh báo
A8: =IFERROR(IF(LEN(TRIM(SUBSTITUTE(SUBSTITUTE(SUBSTITUTE(INDEX($V$24:$V$700,MATCH(SMALL($T$24:$T$700,ROWS($A$8:A8)),$T$24:$T$700,0)),"◆",""),"├─",""),"└─","")))=0,"⚠ Chưa nhập tên – "&INDEX($X$24:$X$700,MATCH(SMALL($T$24:$T$700,ROWS($A$8:A8)),$T$24:$T$700,0)),INDEX($V$24:$V$700,MATCH(SMALL($T$24:$T$700,ROWS($A$8:A8)),$T$24:$T$700,0))),"") | B8: =IFERROR(INDEX($Z$24:$Z$700,MATCH(SMALL($T$24:$T$700,ROWS($A$8:A8)),$T$24:$T$700,0)),"") | C8: =IFERROR(INDEX($AB$24:$AB$700,MATCH(SMALL($T$24:$T$700,ROWS($A$8:A8)),$T$24:$T$700,0)),"") | D8: =IFERROR(INDEX($AD$24:$AD$700,MATCH(SMALL($T$24:$T$700,ROWS($A$8:A8)),$T$24:$T$700,0)),"") | E8: =IFERROR(INDEX($AE$24:$AE$700,MATCH(SMALL($T$24:$T$700,ROWS($A$8:A8)),$T$24:$T$700,0)),"") | F8: =IFERROR(INDEX($AH$24:$AH$700,MATCH(SMALL($T$24:$T$700,ROWS($A$8:A8)),$T$24:$T$700,0)),"") | G8: =IFERROR(INDEX($AI$24:$AI$700,MATCH(SMALL($T$24:$T$700,ROWS($A$8:A8)),$T$24:$T$700,0)),"") | Q8: 🔴 Quá hạn
A9: =IFERROR(IF(LEN(TRIM(SUBSTITUTE(SUBSTITUTE(SUBSTITUTE(INDEX($V$24:$V$700,MATCH(SMALL($T$24:$T$700,ROWS($A$8:A9)),$T$24:$T$700,0)),"◆",""),"├─",""),"└─","")))=0,"⚠ Chưa nhập tên – "&INDEX($X$24:$X$700,MATCH(SMALL($T$24:$T$700,ROWS($A$8:A9)),$T$24:$T$700,0)),INDEX($V$24:$V$700,MATCH(SMALL($T$24:$T$700,ROWS($A$8:A9)),$T$24:$T$700,0))),"") | B9: =IFERROR(INDEX($Z$24:$Z$700,MATCH(SMALL($T$24:$T$700,ROWS($A$8:A9)),$T$24:$T$700,0)),"") | C9: =IFERROR(INDEX($AB$24:$AB$700,MATCH(SMALL($T$24:$T$700,ROWS($A$8:A9)),$T$24:$T$700,0)),"") | D9: =IFERROR(INDEX($AD$24:$AD$700,MATCH(SMALL($T$24:$T$700,ROWS($A$8:A9)),$T$24:$T$700,0)),"") | E9: =IFERROR(INDEX($AE$24:$AE$700,MATCH(SMALL($T$24:$T$700,ROWS($A$8:A9)),$T$24:$T$700,0)),"") | F9: =IFERROR(INDEX($AH$24:$AH$700,MATCH(SMALL($T$24:$T$700,ROWS($A$8:A9)),$T$24:$T$700,0)),"") | G9: =IFERROR(INDEX($AI$24:$AI$700,MATCH(SMALL($T$24:$T$700,ROWS($A$8:A9)),$T$24:$T$700,0)),"") | Q9: 🟠 Hạn trong 7 ngày
A10: =IFERROR(IF(LEN(TRIM(SUBSTITUTE(SUBSTITUTE(SUBSTITUTE(INDEX($V$24:$V$700,MATCH(SMALL($T$24:$T$700,ROWS($A$8:A10)),$T$24:$T$700,0)),"◆",""),"├─",""),"└─","")))=0,"⚠ Chưa nhập tên – "&INDEX($X$24:$X$700,MATCH(SMALL($T$24:$T$700,ROWS($A$8:A10)),$T$24:$T$700,0)),INDEX($V$24:$V$700,MATCH(SMALL($T$24:$T$700,ROWS($A$8:A10)),$T$24:$T$700,0))),"") | B10: =IFERROR(INDEX($Z$24:$Z$700,MATCH(SMALL($T$24:$T$700,ROWS($A$8:A10)),$T$24:$T$700,0)),"") | C10: =IFERROR(INDEX($AB$24:$AB$700,MATCH(SMALL($T$24:$T$700,ROWS($A$8:A10)),$T$24:$T$700,0)),"") | D10: =IFERROR(INDEX($AD$24:$AD$700,MATCH(SMALL($T$24:$T$700,ROWS($A$8:A10)),$T$24:$T$700,0)),"") | E10: =IFERROR(INDEX($AE$24:$AE$700,MATCH(SMALL($T$24:$T$700,ROWS($A$8:A10)),$T$24:$T$700,0)),"") | F10: =IFERROR(INDEX($AH$24:$AH$700,MATCH(SMALL($T$24:$T$700,ROWS($A$8:A10)),$T$24:$T$700,0)),"") | G10: =IFERROR(INDEX($AI$24:$AI$700,MATCH(SMALL($T$24:$T$700,ROWS($A$8:A10)),$T$24:$T$700,0)),"") | Q10: 🟣 P1 trọng yếu
Q11: 🟢 Theo kế hoạch / Hoàn thành
A12: ĐIỂM NHÌN QUẢN TRỊ | H12: TẢI NGUỒN LỰC | K12: NHỊP DEADLINE | O12: HÀNH ĐỘNG QUẢN TRỊ
A13: 🔴 KHẨN CẤP + P1 | D13: 🟠 KHẨN CẤP | H13: Người / Nhóm | I13: Số việc | J13: Tải phân bổ/ngày | K13: Khung thời gian | L13: Số việc | M13: Giờ còn lại | N13: Tỷ trọng | O13: Chỉ tiêu | R13: Giá trị
A14: Số công việc | C14: =COUNTIFS($AB$24:$AB$700,"P1",$AE$24:$AE$700,"<>",$AE$24:$AE$700,"<="&TODAY()+7,$AC$24:$AC$700,"<>Hoàn thành",$AC$24:$AC$700,"<>Hủy",$X$24:$X$700,"<>") -> 2 | D14: Số công việc | F14: =COUNTIFS($AB$24:$AB$700,"<>P1",$AE$24:$AE$700,"<>",$AE$24:$AE$700,"<="&TODAY()+7,$AC$24:$AC$700,"<>Hoàn thành",$AC$24:$AC$700,"<>Hủy",$X$24:$X$700,"<>") -> 6 | H14: =IFERROR(INDEX($AK$24:$AK$60,MATCH(LARGE($AN$24:$AN$60,ROWS($H$14:H14)),$AN$24:$AN$60,0)),"") -> Em Đại | I14: =IF(H14="","",INDEX($AL$24:$AL$60,MATCH(H14,$AK$24:$AK$60,0))) -> 61 | J14: =IF(H14="","",INDEX($AM$24:$AM$60,MATCH(H14,$AK$24:$AK$60,0))) -> 35.2 | K14: 🔴 Quá hạn | L14: =COUNTIFS($X$24:$X$700,"<>",$AI$24:$AI$700,"🔴*") -> 5 | M14: =SUMIFS($AH$24:$AH$700,$X$24:$X$700,"<>",$AI$24:$AI$700,"🔴*") -> 424 | N14: =IFERROR(L14/$B$4,0) -> 0.044247788 | O14: Thiếu người thực hiện | R14: =COUNTIFS($X$24:$X$700,"<>",$AJ$24:$AJ$700,"Thiếu người*") -> 0
A15: Giờ còn lại | C15: =SUMIFS($AH$24:$AH$700,$AB$24:$AB$700,"P1",$AE$24:$AE$700,"<>",$AE$24:$AE$700,"<="&TODAY()+7,$AC$24:$AC$700,"<>Hoàn thành",$AC$24:$AC$700,"<>Hủy",$X$24:$X$700,"<>") -> 16 | D15: Giờ còn lại | F15: =SUMIFS($AH$24:$AH$700,$AB$24:$AB$700,"<>P1",$AE$24:$AE$700,"<>",$AE$24:$AE$700,"<="&TODAY()+7,$AC$24:$AC$700,"<>Hoàn thành",$AC$24:$AC$700,"<>Hủy",$X$24:$X$700,"<>") -> 544 | H15: =IFERROR(INDEX($AK$24:$AK$60,MATCH(LARGE($AN$24:$AN$60,ROWS($H$14:H15)),$AN$24:$AN$60,0)),"") -> GĐ BOC | I15: =IF(H15="","",INDEX($AL$24:$AL$60,MATCH(H15,$AK$24:$AK$60,0))) -> 4 | J15: =IF(H15="","",INDEX($AM$24:$AM$60,MATCH(H15,$AK$24:$AK$60,0))) -> 5 | K15: 🟠 0–7 ngày | L15: =COUNTIFS($X$24:$X$700,"<>",$AI$24:$AI$700,"🟠*") -> 3 | M15: =SUMIFS($AH$24:$AH$700,$X$24:$X$700,"<>",$AI$24:$AI$700,"🟠*") -> 136 | N15: =IFERROR(L15/$B$4,0) -> 0.026548673 | O15: Thiếu tên công việc | R15: =SUMPRODUCT(--($X$24:$X$700<>""),--(LEN(TRIM(SUBSTITUTE(SUBSTITUTE(SUBSTITUTE($V$24:$V$700,"◆",""),"├─",""),"└─","")))=0)) -> #REF!
H16: =IFERROR(INDEX($AK$24:$AK$60,MATCH(LARGE($AN$24:$AN$60,ROWS($H$14:H16)),$AN$24:$AN$60,0)),"") -> Thu Trang | I16: =IF(H16="","",INDEX($AL$24:$AL$60,MATCH(H16,$AK$24:$AK$60,0))) -> 1 | J16: =IF(H16="","",INDEX($AM$24:$AM$60,MATCH(H16,$AK$24:$AK$60,0))) -> 0 | K16: 🟡 8–30 ngày | L16: =COUNTIFS($AE$24:$AE$700,">"&TODAY()+7,$AE$24:$AE$700,"<="&TODAY()+30,$AC$24:$AC$700,"<>Hoàn thành",$AC$24:$AC$700,"<>Hủy",$X$24:$X$700,"<>") -> 15 | M16: =SUMIFS($AH$24:$AH$700,$AE$24:$AE$700,">"&TODAY()+7,$AE$24:$AE$700,"<="&TODAY()+30,$AC$24:$AC$700,"<>Hoàn thành",$AC$24:$AC$700,"<>Hủy",$X$24:$X$700,"<>") -> 1076 | N16: =IFERROR(L16/$B$4,0) -> 0.13274336 | O16: Cảnh báo quá tải | R16: =COUNTIFS($X$24:$X$700,"<>",$AJ$24:$AJ$700,"Quá tải*") -> 22
A17: 🟣 TRỌNG YẾU CHƯA GẤP | D17: 🟢 THEO KẾ HOẠCH / HOÀN THÀNH | H17: =IFERROR(INDEX($AK$24:$AK$60,MATCH(LARGE($AN$24:$AN$60,ROWS($H$14:H17)),$AN$24:$AN$60,0)),"") -> Team PTSP | I17: =IF(H17="","",INDEX($AL$24:$AL$60,MATCH(H17,$AK$24:$AK$60,0))) -> 2 | J17: =IF(H17="","",INDEX($AM$24:$AM$60,MATCH(H17,$AK$24:$AK$60,0))) -> 0 | K17: 🔵 Trên 30 ngày | L17: =COUNTIFS($AE$24:$AE$700,">"&TODAY()+30,$AC$24:$AC$700,"<>Hoàn thành",$AC$24:$AC$700,"<>Hủy",$X$24:$X$700,"<>") -> 73 | M17: =SUMIFS($AH$24:$AH$700,$AE$24:$AE$700,">"&TODAY()+30,$AC$24:$AC$700,"<>Hoàn thành",$AC$24:$AC$700,"<>Hủy",$X$24:$X$700,"<>") -> 5404 | N17: =IFERROR(L17/$B$4,0) -> 0.6460177 | O17: Tiến độ đang ở 0% | R17: =COUNTIFS($AD$24:$AD$700,0,$AD$24:$AD$700,"<>",$AC$24:$AC$700,"<>Hoàn thành",$AC$24:$AC$700,"<>Hủy",$AC$24:$AC$700,"<>Chưa lên lịch",$AC$24:$AC$700,"<>Đã lên lịch",$X$24:$X$700,"<>") -> 82
A18: Số công việc | C18: =COUNTIFS($AB$24:$AB$700,"P1",$AE$24:$AE$700,">"&TODAY()+7,$AC$24:$AC$700,"<>Hoàn thành",$AC$24:$AC$700,"<>Hủy",$X$24:$X$700,"<>") -> 32 | D18: Số công việc | F18: =COUNTIFS($X$24:$X$700,"<>",$AI$24:$AI$700,"🟢*") -> 57 | H18: =IFERROR(INDEX($AK$24:$AK$60,MATCH(LARGE($AN$24:$AN$60,ROWS($H$14:H18)),$AN$24:$AN$60,0)),"") -> Ms Trang | I18: =IF(H18="","",INDEX($AL$24:$AL$60,MATCH(H18,$AK$24:$AK$60,0))) -> 32 | J18: =IF(H18="","",INDEX($AM$24:$AM$60,MATCH(H18,$AK$24:$AK$60,0))) -> 0 | K18: ⚪ Chưa có hạn | L18: =COUNTIFS($X$24:$X$700,"<>",$AE$24:$AE$700,"",$AC$24:$AC$700,"<>Hoàn thành",$AC$24:$AC$700,"<>Hủy") -> 9 | M18: =SUMIFS($AH$24:$AH$700,$X$24:$X$700,"<>",$AE$24:$AE$700,"",$AC$24:$AC$700,"<>Hoàn thành",$AC$24:$AC$700,"<>Hủy") -> 420 | N18: =IFERROR(L18/$B$4,0) -> 0.079646018 | O18: L6 thiếu mã / liên kết | R18: =COUNTIFS('Lớp 6 - Chi tiết'!$S$14:$S$267,"<>",'Lớp 6 - Chi tiết'!$I$14:$I$267,"") -> 0
A19: Giờ còn lại | C19: =SUMIFS($AH$24:$AH$700,$AB$24:$AB$700,"P1",$AE$24:$AE$700,">"&TODAY()+7,$AC$24:$AC$700,"<>Hoàn thành",$AC$24:$AC$700,"<>Hủy",$X$24:$X$700,"<>") -> 2984 | D19: Giờ còn lại | F19: =SUMIFS($AH$24:$AH$700,$X$24:$X$700,"<>",$AI$24:$AI$700,"🟢*") -> 3496 | K19: ✅ Hoàn thành | L19: =COUNTIFS($X$24:$X$700,"<>",$AC$24:$AC$700,"Hoàn thành") -> 1 | M19: =SUMIFS($AH$24:$AH$700,$X$24:$X$700,"<>",$AC$24:$AC$700,"Hoàn thành") -> 0 | N19: =IFERROR(L19/$B$4,0) -> 0.0088495575 | O19: Tỷ lệ công việc hoàn thành | R19: =IFERROR(COUNTIFS($X$24:$X$700,"<>",$AC$24:$AC$700,"Hoàn thành")/$B$4,0) -> 0.0088495575
A20: * Công việc chưa có deadline được tách riêng trong khối Sức khỏe dữ liệu để tránh hiểu sai mức độ cấp bách. | H20: Xếp hạng theo tổng tải phân bổ giờ/ngày; dùng để cân bằng nguồn lực. | O20: Mức cảnh báo chung | R20: =IF(OR($H$4/$B$4>=15%,$R$21/$B$4>=15%),"🔴 Căng thẳng",IF(OR(($H$4+$K$4)/$B$4>=15%,$R$21/$B$4>=5%),"🟠 Cần chú ý","🟢 Ổn định")) -> #REF!
A21: CÂY PHÂN RÃ CÔNG VIỆC L3–L6 • Mã phân cấp nằm trong tên để nhận biết quan hệ cha–con | O21: Lệch trạng thái / thời gian | R21: =SUMPRODUCT(--(LEN('Lớp 3 - Công việc chính'!$AS$14:$AS$73)>0),--('Lớp 3 - Công việc chính'!$AS$14:$AS$73<>"OK"))+SUMPRODUCT(--(LEN('Lớp 4 - Danh mục'!$AV$14:$AV$132)>0),--('Lớp 4 - Danh mục'!$AV$14:$AV$132<>"OK"))+SUMPRODUCT(--(LEN('Lớp 5 - Phân công'!$AW$14:$AW$262)>0),--('Lớp 5 - Phân công'!$AW$14:$AW$262<>"OK"))+SUMPRODUCT(--(LEN('Lớp 6 - Chi tiết'!$AZ$14:$AZ$267)>0),--('Lớp 6 - Chi tiết'!$AZ$14:$AZ$267<>"OK")) -> #REF!
A22: CÂY PHÂN RÃ CÔNG VIỆC | B22: CHỦ TRÌ | C22: ĐƠN VỊ | D22: ƯU TIÊN | E22: TRẠNG THÁI | F22: TIẾN ĐỘ | G22: DEADLINE | H22: CÒN NGÀY | I22: GIỜ CÒN | J22: CẢNH BÁO | K22: HÀNH ĐỘNG / KIỂM SOÁT | L22: VỊ TRÍ DỮ LIỆU GỐC | M22: TẢI QUY ĐỔI/NGÀY | N22: ĐÁNH GIÁ PHÂN BỔ
A23: =IF($T23="","",LET(p,$T23,m,MATCH(p,$AS$24:$AS$700,0),lvl,INDEX($W$24:$W$700,m),SWITCH(lvl,3,"▓▓ L3 "&p&" "&UPPER(IF(INDEX($AT$24:$AT$700,m)="","⚠ CHƯA NHẬP TÊN",INDEX($AT$24:$AT$700,m))),4," ├─ ▓ L4 "&p&" "&IF(INDEX($AU$24:$AU$700,m)="","⚠ Chưa nhập tên",INDEX($AU$24:$AU$700,m)),5," ├── ▒ L5 "&p&" "&IF(INDEX($AV$24:$AV$700,m)="","⚠ Chưa nhập tên công việc",INDEX($AV$24:$AV$700,m)),6," └─── ░ L6 "&p&" "&IF(INDEX($AW$24:$AW$700,m)="","⚠ Chưa nhập tên chi tiết",INDEX($AW$24:$AW$700,m)),""))) -> ▓▓ L3 01 XÂY DỰNG BỘ CHIẾN LƯỢC CÔNG TY TẦM NHÌN 2030 | B23: =IF($T23="","",INDEX($AX$24:$AX$700,MATCH($T23,$AS$24:$AS$700,0))) -> GĐ BOC | C23: =IF($T23="","",INDEX($AY$24:$AY$700,MATCH($T23,$AS$24:$AS$700,0))) -> Công ty | D23: =IF($T23="","",INDEX($AZ$24:$AZ$700,MATCH($T23,$AS$24:$AS$700,0))) -> P1 | E23: =IF($T23="","",INDEX($BA$24:$BA$700,MATCH($T23,$AS$24:$AS$700,0))) -> Đã lên lịch | F23: =IF($T23="","",INDEX($BB$24:$BB$700,MATCH($T23,$AS$24:$AS$700,0))) | G23: =IF($T23="","",INDEX($BC$24:$BC$700,MATCH($T23,$AS$24:$AS$700,0))) -> 46420 | H23: =IF($T23="","",INDEX($BD$24:$BD$700,MATCH($T23,$AS$24:$AS$700,0))) -> 68 | I23: =IF($T23="","",INDEX($BF$24:$BF$700,MATCH($T23,$AS$24:$AS$700,0))) -> 200 | J23: =IF($T23="","",INDEX($BG$24:$BG$700,MATCH($T23,$AS$24:$AS$700,0))) -> 🟣 P1 trọng yếu | K23: =IF($T23="","",INDEX($BH$24:$BH$700,MATCH($T23,$AS$24:$AS$700,0))) -> Bình thường – tổng 2.6/8.0 giờ/ngày | L23: {=IF($T23="","",LET(m,MATCH($T23,$AS$24:$AS$700,0),lvl,INDEX($W$24:$W$700,m),id,INDEX($X$24:$X$700,m),SWITCH(lvl,3,"Lớp 3 - Công việc chính!A"&MATCH(id,'Lớp 3 - Công việc chính'!$I$1:$I$73,0),4,"Lớp 4 - Danh mục!A"&MATCH(id,'Lớp 4 - Danh mục'!$I$1:$I$132,0),5,"Lớp 5 - Phân công!A"&MATCH(id,'Lớp 5 - Phân công'!$I$1:$I$262,0),6,"Lớp 6 - Chi tiết!A"&MATCH(id,'Lớp 6 - Chi tiết'!$I$1:$I$267,0))))} -> Lớp 3 - Công việc chính!A14 | M23: =IF($T23="","",INDEX($BI$24:$BI$700,MATCH($T23,$AS$24:$AS$700,0))) -> 0.6 | N23: =IF($T23="","",INDEX($BJ$24:$BJ$700,MATCH($T23,$AS$24:$AS$700,0))) -> Thiếu 11.7 giờ/tuần | T23: =IFERROR(__xludf.DUMMYFUNCTION("SORT(FILTER($AS$24:$AS$700,$X$24:$X$700<>""""),1,1)"),"01") -> 01 | U23: SortKey | V23: TreeNode | W23: Level | X23: ID | Y23: ParentID | Z23: Owner | AA23: Unit | AB23: Priority | AC23: Status | AD23: Progress | AE23: Deadline | AF23: DaysLeft | AG23: Hours | AH23: HoursRemain | AI23: Warning | AJ23: Control | AK23: OwnerList | AL23: TaskCount | AM23: HoursRemain | AS23: STT phân cấp | AT23: L3 | AU23: L4 | AV23: L5 | AW23: L6 | AX23: Owner | AY23: Unit | AZ23: Priority | BA23: Status | BB23: Progress | BC23: Deadline | BD23: DaysLeft | BE23: Hours | BF23: HoursRemain | BG23: Warning | BH23: Control | BI23: DailyLoadEquivalent | BJ23: AllocationCheck
A24: =IF($T24="","",LET(p,$T24,m,MATCH(p,$AS$24:$AS$700,0),lvl,INDEX($W$24:$W$700,m),SWITCH(lvl,3,"▓▓ L3 "&p&" "&UPPER(IF(INDEX($AT$24:$AT$700,m)="","⚠ CHƯA NHẬP TÊN",INDEX($AT$24:$AT$700,m))),4," ├─ ▓ L4 "&p&" "&IF(INDEX($AU$24:$AU$700,m)="","⚠ Chưa nhập tên",INDEX($AU$24:$AU$700,m)),5," ├── ▒ L5 "&p&" "&IF(INDEX($AV$24:$AV$700,m)="","⚠ Chưa nhập tên công việc",INDEX($AV$24:$AV$700,m)),6," └─── ░ L6 "&p&" "&IF(INDEX($AW$24:$AW$700,m)="","⚠ Chưa nhập tên chi tiết",INDEX($AW$24:$AW$700,m)),""))) -> ▓▓ L3 02 XÂY DỰNG BỘ VHDN | B24: =IF($T24="","",INDEX($AX$24:$AX$700,MATCH($T24,$AS$24:$AS$700,0))) -> GĐ BOC | C24: =IF($T24="","",INDEX($AY$24:$AY$700,MATCH($T24,$AS$24:$AS$700,0))) -> Công ty | D24: =IF($T24="","",INDEX($AZ$24:$AZ$700,MATCH($T24,$AS$24:$AS$700,0))) -> P2 | E24: =IF($T24="","",INDEX($BA$24:$BA$700,MATCH($T24,$AS$24:$AS$700,0))) -> Đã lên lịch | F24: =IF($T24="","",INDEX($BB$24:$BB$700,MATCH($T24,$AS$24:$AS$700,0))) | G24: =IF($T24="","",INDEX($BC$24:$BC$700,MATCH($T24,$AS$24:$AS$700,0))) -> 46420 | H24: =IF($T24="","",INDEX($BD$24:$BD$700,MATCH($T24,$AS$24:$AS$700,0))) -> 68 | I24: =IF($T24="","",INDEX($BF$24:$BF$700,MATCH($T24,$AS$24:$AS$700,0))) -> 100 | J24: =IF($T24="","",INDEX($BG$24:$BG$700,MATCH($T24,$AS$24:$AS$700,0))) -> 🟢 Theo kế hoạch | K24: =IF($T24="","",INDEX($BH$24:$BH$700,MATCH($T24,$AS$24:$AS$700,0))) -> Bình thường – tổng 2.6/8.0 giờ/ngày | L24: {=IF($T24="","",LET(m,MATCH($T24,$AS$24:$AS$700,0),lvl,INDEX($W$24:$W$700,m),id,INDEX($X$24:$X$700,m),SWITCH(lvl,3,"Lớp 3 - Công việc chính!A"&MATCH(id,'Lớp 3 - Công việc chính'!$I$1:$I$73,0),4,"Lớp 4 - Danh mục!A"&MATCH(id,'Lớp 4 - Danh mục'!$I$1:$I$132,0),5,"Lớp 5 - Phân công!A"&MATCH(id,'Lớp 5 - Phân công'!$I$1:$I$262,0),6,"Lớp 6 - Chi tiết!A"&MATCH(id,'Lớp 6 - Chi tiết'!$I$1:$I$267,0))))} -> Lớp 3 - Công việc chính!A15 | M24: =IF($T24="","",INDEX($BI$24:$BI$700,MATCH($T24,$AS$24:$AS$700,0))) -> 2 | N24: =IF($T24="","",INDEX($BJ$24:$BJ$700,MATCH($T24,$AS$24:$AS$700,0))) -> Thiếu 4.4 giờ/tuần | T24: =IFERROR(__xludf.DUMMYFUNCTION("""COMPUTED_VALUE"""),"02") -> 02 | U24: =IF('Lớp 3 - Công việc chính'!I14="","",'Lớp 3 - Công việc chính'!I14) -> HHL3CT01 | V24: =IF('Lớp 3 - Công việc chính'!I14="","","◆ "&'Lớp 3 - Công việc chính'!M14) -> ◆ Xây dựng bộ chiến lược công ty tầm nhìn 2030 | W24: =IF('Lớp 3 - Công việc chính'!I14="","",3) -> 3 | X24: ='Lớp 3 - Công việc chính'!I14 -> HHL3CT01 | Y24: =IF(X24="","","") | Z24: ='Lớp 3 - Công việc chính'!V14 -> GĐ BOC | AA24: ='Lớp 3 - Công việc chính'!W14 -> Công ty | AB24: ='Lớp 3 - Công việc chính'!Y14 -> P1 | AC24: ='Lớp 3 - Công việc chính'!X14 -> Đã lên lịch | AD24: ='Lớp 3 - Công việc chính'!AC14 | AE24: ='Lớp 3 - Công việc chính'!AA14 -> 46420 | AF24: ='Lớp 3 - Công việc chính'!AD14 -> 68 | AG24: ='Lớp 3 - Công việc chính'!AE14 -> 200 | AH24: =IF(AG24="","",AG24*(1-AD24)) -> 200 | AI24: {=IF($X24="","",LET(tw,SWITCH($W24,3,IFERROR(INDEX('Lớp 3 - Công việc chính'!$AG$14:$AG$73,MATCH($X24,'Lớp 3 - Công việc chính'!$I$14:$I$73,0)),""),4,IFERROR(INDEX('Lớp 4 - Danh mục'!$AJ$14:$AJ$132,MATCH($X24,'Lớp 4 - Danh mục'!$I$14:$I$132,0)),""),5,IFERROR(INDEX('Lớp 5 - Phân công'!$AK$14:$AK$262,MATCH($X24,'Lớp 5 - Phân công'!$I$14:$I$262,0)),""),6,IFERROR(INDEX('Lớp 6 - Chi tiết'!$AN$14:$AN$267,MATCH($X24,'Lớp 6 - Chi tiết'!$I$14:$I$267,0)),""),""),std,IF(AC24="Hoàn thành","🟢 Hoàn thành",IF(AC24="Hủy","⚪ Hủy",IF(AE24="","🔵 Chưa có hạn",IF(AE24<TODAY(),"🔴 Quá hạn",IF(AE24<=TODAY()+7,"🟠 Hạn ≤7 ngày",IF(AB24="P1","🟣 P1 trọng yếu","🟢 Theo kế hoạch")))))),IF(ISNUMBER(SEARCH("Cảnh báo",tw)),"🟡 Con vượt khung gốc",std)))} -> 🟣 P1 trọng yếu | AJ24: ='Lớp 3 - Công việc chính'!AH14 -> Bình thường – tổng 2.6/8.0 giờ/ngày | AK24: =IFERROR(__xludf.DUMMYFUNCTION("SORT(UNIQUE(FILTER($Z$24:$Z$700,($Z$24:$Z$700<>"""")*($X$24:$X$700<>""""))))"),"Em Đại") -> Em Đại | AL24: =IF(AK24="","",COUNTIF($Z$24:$Z$700,AK24)) -> 61 | AM24: =IF(AK24="","",SUMIF($Z$24:$Z$700,AK24,$BI$24:$BI$700)) -> 35.2 | AN24: =IF(AK24="","",AM24+ROW()/1000000) -> 35.200024 | AS24: =IF(X24="","",TEXT(COUNTIF($X$24:X24,"<>"),"00")) -> 01 | AT24: =IF(W24=3,TRIM(SUBSTITUTE(V24,"◆","")),"") -> Xây dựng bộ chiến lược công ty tầm nhìn 2030 | AU24: =IF(W24=4,TRIM(SUBSTITUTE(V24,"├─","")),"") | AV24: =IF(W24=5,TRIM(SUBSTITUTE(V24,"├─","")),"") | AW24: =IF(W24=6,TRIM(SUBSTITUTE(SUBSTITUTE(V24,"└─",""),"├─","")),"") | AX24: =Z24 -> GĐ BOC | AY24: =AA24 -> Công ty | AZ24: =AB24 -> P1 | BA24: =AC24 -> Đã lên lịch | BB24: =AD24 | BC24: =AE24 -> 46420 | BD24: =AF24 -> 68 | BE24: =AG24 -> 200 | ... BH24: =AJ24 -> Bình thường – tổng 2.6/8.0 giờ/ngày | BI24: {=IF($X24="","",SWITCH($W24,3,IFERROR(INDEX('Lớp 3 - Công việc chính'!$AF$14:$AF$73,MATCH($X24,'Lớp 3 - Công việc chính'!$I$14:$I$73,0)),""),4,IFERROR(INDEX('Lớp 4 - Danh mục'!$AI$14:$AI$132,MATCH($X24,'Lớp 4 - Danh mục'!$I$14:$I$132,0)),""),5,IFERROR(INDEX('Lớp 5 - Phân công'!$AJ$14:$AJ$262,MATCH($X24,'Lớp 5 - Phân công'!$I$14:$I$262,0)),""),6,IFERROR(INDEX('Lớp 6 - Chi tiết'!$AM$14:$AM$267,MATCH($X24,'Lớp 6 - Chi tiết'!$I$14:$I$267,0)),""),""))} -> 0.6 | BJ24: {=IF($X24="","",SWITCH($W24,3,IFERROR(INDEX('Lớp 3 - Công việc chính'!$AR$14:$AR$73,MATCH($X24,'Lớp 3 - Công việc chính'!$I$14:$I$73,0)),""),4,IFERROR(INDEX('Lớp 4 - Danh mục'!$AU$14:$AU$132,MATCH($X24,'Lớp 4 - Danh mục'!$I$14:$I$132,0)),""),5,IFERROR(INDEX('Lớp 5 - Phân công'!$AV$14:$AV$262,MATCH($X24,'Lớp 5 - Phân công'!$I$14:$I$262,0)),""),6,IFERROR(INDEX('Lớp 6 - Chi tiết'!$AY$14:$AY$267,MATCH($X24,'Lớp 6 - Chi tiết'!$I$14:$I$267,0)),""),""))} -> Thiếu 11.7 giờ/tuần
A25: =IF($T25="","",LET(p,$T25,m,MATCH(p,$AS$24:$AS$700,0),lvl,INDEX($W$24:$W$700,m),SWITCH(lvl,3,"▓▓ L3 "&p&" "&UPPER(IF(INDEX($AT$24:$AT$700,m)="","⚠ CHƯA NHẬP TÊN",INDEX($AT$24:$AT$700,m))),4," ├─ ▓ L4 "&p&" "&IF(INDEX($AU$24:$AU$700,m)="","⚠ Chưa nhập tên",INDEX($AU$24:$AU$700,m)),5," ├── ▒ L5 "&p&" "&IF(INDEX($AV$24:$AV$700,m)="","⚠ Chưa nhập tên công việc",INDEX($AV$24:$AV$700,m)),6," └─── ░ L6 "&p&" "&IF(INDEX($AW$24:$AW$700,m)="","⚠ Chưa nhập tên chi tiết",INDEX($AW$24:$AW$700,m)),""))) -> ▓▓ L3 03 KHKD 2027& HT LẬP KH THEO THAM SỐ KD (BÁN TỰ ĐỘNG) | B25: =IF($T25="","",INDEX($AX$24:$AX$700,MATCH($T25,$AS$24:$AS$700,0))) -> Em Đại | C25: =IF($T25="","",INDEX($AY$24:$AY$700,MATCH($T25,$AS$24:$AS$700,0))) -> Dữ liệu điều hành | D25: =IF($T25="","",INDEX($AZ$24:$AZ$700,MATCH($T25,$AS$24:$AS$700,0))) -> P1 | E25: =IF($T25="","",INDEX($BA$24:$BA$700,MATCH($T25,$AS$24:$AS$700,0))) -> Đang thực hiện | F25: =IF($T25="","",INDEX($BB$24:$BB$700,MATCH($T25,$AS$24:$AS$700,0))) -> 0 | G25: =IF($T25="","",INDEX($BC$24:$BC$700,MATCH($T25,$AS$24:$AS$700,0))) -> 46337 | H25: =IF($T25="","",INDEX($BD$24:$BD$700,MATCH($T25,$AS$24:$AS$700,0))) -> 77 | I25: =IF($T25="","",INDEX($BF$24:$BF$700,MATCH($T25,$AS$24:$AS$700,0))) -> 620 | J25: =IF($T25="","",INDEX($BG$24:$BG$700,MATCH($T25,$AS$24:$AS$700,0))) -> 🟣 P1 trọng yếu | K25: =IF($T25="","",INDEX($BH$24:$BH$700,MATCH($T25,$AS$24:$AS$700,0))) -> Theo dõi tải tại Lớp 4 | L25: {=IF($T25="","",LET(m,MATCH($T25,$AS$24:$AS$700,0),lvl,INDEX($W$24:$W$700,m),id,INDEX($X$24:$X$700,m),SWITCH(lvl,3,"Lớp 3 - Công việc chính!A"&MATCH(id,'Lớp 3 - Công việc chính'!$I$1:$I$73,0),4,"Lớp 4 - Danh mục!A"&MATCH(id,'Lớp 4 - Danh mục'!$I$1:$I$132,0),5,"Lớp 5 - Phân công!A"&MATCH(id,'Lớp 5 - Phân công'!$I$1:$I$262,0),6,"Lớp 6 - Chi tiết!A"&MATCH(id,'Lớp 6 - Chi tiết'!$I$1:$I$267,0))))} -> Lớp 3 - Công việc chính!A16 | M25: =IF($T25="","",INDEX($BI$24:$BI$700,MATCH($T25,$AS$24:$AS$700,0))) | N25: =IF($T25="","",INDEX($BJ$24:$BJ$700,MATCH($T25,$AS$24:$AS$700,0))) -> Theo dõi phân bổ tại Lớp 4 | T25: =IFERROR(__xludf.DUMMYFUNCTION("""COMPUTED_VALUE"""),"03") -> 03 | U25: =IF('Lớp 3 - Công việc chính'!I15="","",'Lớp 3 - Công việc chính'!I15) -> HHL3CT02 | V25: =IF('Lớp 3 - Công việc chính'!I15="","","◆ "&'Lớp 3 - Công việc chính'!M15) -> ◆ Xây dựng bộ VHDN | W25: =IF('Lớp 3 - Công việc chính'!I15="","",3) -> 3 | X25: ='Lớp 3 - Công việc chính'!I15 -> HHL3CT02 | Y25: =IF(X25="","","") | Z25: ='Lớp 3 - Công việc chính'!V15 -> GĐ BOC | AA25: ='Lớp 3 - Công việc chính'!W15 -> Công ty | AB25: ='Lớp 3 - Công việc chính'!Y15 -> P2 | AC25: ='Lớp 3 - Công việc chính'!X15 -> Đã lên lịch | AD25: ='Lớp 3 - Công việc chính'!AC15 | AE25: ='Lớp 3 - Công việc chính'!AA15 -> 46420 | AF25: ='Lớp 3 - Công việc chính'!AD15 -> 68 | AG25: ='Lớp 3 - Công việc chính'!AE15 -> 100 | AH25: =IF(AG25="","",AG25*(1-AD25)) -> 100 | AI25: =IF(AC25="Hoàn thành","🟢 Hoàn thành",IF(AC25="Hủy","⚪ Hủy",IF(AE25="","🔵 Chưa có hạn",IF(AE25<TODAY(),"🔴 Quá hạn",IF(AE25<=TODAY()+7,"🟠 Hạn ≤7 ngày",IF(AB25="P1","🟣 P1 trọng yếu","🟢 Theo kế hoạch")))))) -> 🟢 Theo kế hoạch | AJ25: ='Lớp 3 - Công việc chính'!AH15 -> Bình thường – tổng 2.6/8.0 giờ/ngày | AK25: =IFERROR(__xludf.DUMMYFUNCTION("""COMPUTED_VALUE"""),"GĐ BOC") -> GĐ BOC | AL25: =IF(AK25="","",COUNTIF($Z$24:$Z$700,AK25)) -> 4 | AM25: =IF(AK25="","",SUMIF($Z$24:$Z$700,AK25,$BI$24:$BI$700)) -> 5 | AN25: =IF(AK25="","",AM25+ROW()/1000000) -> 5.000025 | AS25: =IF(X25="","",TEXT(COUNTIF($X$24:X25,"<>"),"00")) -> 02 | AT25: =IF(W25=3,TRIM(SUBSTITUTE(V25,"◆","")),"") -> Xây dựng bộ VHDN | AU25: =IF(W25=4,TRIM(SUBSTITUTE(V25,"├─","")),"") | AV25: =IF(W25=5,TRIM(SUBSTITUTE(V25,"├─","")),"") | AW25: =IF(W25=6,TRIM(SUBSTITUTE(SUBSTITUTE(V25,"└─",""),"├─","")),"") | AX25: =Z25 -> GĐ BOC | AY25: =AA25 -> Công ty | AZ25: =AB25 -> P2 | BA25: =AC25 -> Đã lên lịch | BB25: =AD25 | BC25: =AE25 -> 46420 | BD25: =AF25 -> 68 | BE25: =AG25 -> 100 | ... BH25: =AJ25 -> Bình thường – tổng 2.6/8.0 giờ/ngày | BI25: {=IF($X25="","",SWITCH($W25,3,IFERROR(INDEX('Lớp 3 - Công việc chính'!$AF$14:$AF$73,MATCH($X25,'Lớp 3 - Công việc chính'!$I$14:$I$73,0)),""),4,IFERROR(INDEX('Lớp 4 - Danh mục'!$AI$14:$AI$132,MATCH($X25,'Lớp 4 - Danh mục'!$I$14:$I$132,0)),""),5,IFERROR(INDEX('Lớp 5 - Phân công'!$AJ$14:$AJ$262,MATCH($X25,'Lớp 5 - Phân công'!$I$14:$I$262,0)),""),6,IFERROR(INDEX('Lớp 6 - Chi tiết'!$AM$14:$AM$267,MATCH($X25,'Lớp 6 - Chi tiết'!$I$14:$I$267,0)),""),""))} -> 2 | BJ25: {=IF($X25="","",SWITCH($W25,3,IFERROR(INDEX('Lớp 3 - Công việc chính'!$AR$14:$AR$73,MATCH($X25,'Lớp 3 - Công việc chính'!$I$14:$I$73,0)),""),4,IFERROR(INDEX('Lớp 4 - Danh mục'!$AU$14:$AU$132,MATCH($X25,'Lớp 4 - Danh mục'!$I$14:$I$132,0)),""),5,IFERROR(INDEX('Lớp 5 - Phân công'!$AV$14:$AV$262,MATCH($X25,'Lớp 5 - Phân công'!$I$14:$I$262,0)),""),6,IFERROR(INDEX('Lớp 6 - Chi tiết'!$AY$14:$AY$267,MATCH($X25,'Lớp 6 - Chi tiết'!$I$14:$I$267,0)),""),""))} -> Thiếu 4.4 giờ/tuần
A26: =IF($T26="","",LET(p,$T26,m,MATCH(p,$AS$24:$AS$700,0),lvl,INDEX($W$24:$W$700,m),SWITCH(lvl,3,"▓▓ L3 "&p&" "&UPPER(IF(INDEX($AT$24:$AT$700,m)="","⚠ CHƯA NHẬP TÊN",INDEX($AT$24:$AT$700,m))),4," ├─ ▓ L4 "&p&" "&IF(INDEX($AU$24:$AU$700,m)="","⚠ Chưa nhập tên",INDEX($AU$24:$AU$700,m)),5," ├── ▒ L5 "&p&" "&IF(INDEX($AV$24:$AV$700,m)="","⚠ Chưa nhập tên công việc",INDEX($AV$24:$AV$700,m)),6," └─── ░ L6 "&p&" "&IF(INDEX($AW$24:$AW$700,m)="","⚠ Chưa nhập tên chi tiết",INDEX($AW$24:$AW$700,m)),""))) -> ├─ ▓ L4 03.01 Xác nhận công thức & tạo HT tham số cho KH GT | B26: =IF($T26="","",INDEX($AX$24:$AX$700,MATCH($T26,$AS$24:$AS$700,0))) -> Em Đại | C26: =IF($T26="","",INDEX($AY$24:$AY$700,MATCH($T26,$AS$24:$AS$700,0))) -> Dữ liệu điều hành | D26: =IF($T26="","",INDEX($AZ$24:$AZ$700,MATCH($T26,$AS$24:$AS$700,0))) -> P1 | E26: =IF($T26="","",INDEX($BA$24:$BA$700,MATCH($T26,$AS$24:$AS$700,0))) -> Chưa bắt đầu | F26: =IF($T26="","",INDEX($BB$24:$BB$700,MATCH($T26,$AS$24:$AS$700,0))) -> 0 | G26: =IF($T26="","",INDEX($BC$24:$BC$700,MATCH($T26,$AS$24:$AS$700,0))) -> 46305 | H26: =IF($T26="","",INDEX($BD$24:$BD$700,MATCH($T26,$AS$24:$AS$700,0))) -> 50 | I26: =IF($T26="","",INDEX($BF$24:$BF$700,MATCH($T26,$AS$24:$AS$700,0))) -> 140 | J26: =IF($T26="","",INDEX($BG$24:$BG$700,MATCH($T26,$AS$24:$AS$700,0))) -> 🟣 P1 trọng yếu | K26: =IF($T26="","",INDEX($BH$24:$BH$700,MATCH($T26,$AS$24:$AS$700,0))) -> Theo dõi tải tại Lớp 5 | L26: {=IF($T26="","",LET(m,MATCH($T26,$AS$24:$AS$700,0),lvl,INDEX($W$24:$W$700,m),id,INDEX($X$24:$X$700,m),SWITCH(lvl,3,"Lớp 3 - Công việc chính!A"&MATCH(id,'Lớp 3 - Công việc chính'!$I$1:$I$73,0),4,"Lớp 4 - Danh mục!A"&MATCH(id,'Lớp 4 - Danh mục'!$I$1:$I$132,0),5,"Lớp 5 - Phân công!A"&MATCH(id,'Lớp 5 - Phân công'!$I$1:$I$262,0),6,"Lớp 6 - Chi tiết!A"&MATCH(id,'Lớp 6 - Chi tiết'!$I$1:$I$267,0))))} -> Lớp 4 - Danh mục!A14 | M26: =IF($T26="","",INDEX($BI$24:$BI$700,MATCH($T26,$AS$24:$AS$700,0))) | N26: =IF($T26="","",INDEX($BJ$24:$BJ$700,MATCH($T26,$AS$24:$AS$700,0))) -> Theo dõi phân bổ tại Lớp 5 | T26: =IFERROR(__xludf.DUMMYFUNCTION("""COMPUTED_VALUE"""),"03.01") -> 03.01 | U26: =IF('Lớp 3 - Công việc chính'!I16="","",'Lớp 3 - Công việc chính'!I16) -> HHL3CT03 | V26: =IF('Lớp 3 - Công việc chính'!I16="","","◆ "&'Lớp 3 - Công việc chính'!M16) -> ◆ KHKD 2027& HT lập KH theo tham số KD (bán tự động) | W26: =IF('Lớp 3 - Công việc chính'!I16="","",3) -> 3 | X26: ='Lớp 3 - Công việc chính'!I16 -> HHL3CT03 | Y26: =IF(X26="","","") | Z26: ='Lớp 3 - Công việc chính'!V16 -> Em Đại | AA26: ='Lớp 3 - Công việc chính'!W16 -> Dữ liệu điều hành | AB26: ='Lớp 3 - Công việc chính'!Y16 -> P1 | AC26: ='Lớp 3 - Công việc chính'!X16 -> Đang thực hiện | AD26: ='Lớp 3 - Công việc chính'!AC16 -> 0 | AE26: ='Lớp 3 - Công việc chính'!AA16 -> 46337 | AF26: ='Lớp 3 - Công việc chính'!AD16 -> 77 | AG26: ='Lớp 3 - Công việc chính'!AE16 -> 620 | AH26: =IF(AG26="","",AG26*(1-AD26)) -> 620 | AI26: =IF(AC26="Hoàn thành","🟢 Hoàn thành",IF(AC26="Hủy","⚪ Hủy",IF(AE26="","🔵 Chưa có hạn",IF(AE26<TODAY(),"🔴 Quá hạn",IF(AE26<=TODAY()+7,"🟠 Hạn ≤7 ngày",IF(AB26="P1","🟣 P1 trọng yếu","🟢 Theo kế hoạch")))))) -> 🟣 P1 trọng yếu | AJ26: ='Lớp 3 - Công việc chính'!AH16 -> Theo dõi tải tại Lớp 4 | AK26: =IFERROR(__xludf.DUMMYFUNCTION("""COMPUTED_VALUE"""),"Ms Trang") -> Ms Trang | AL26: =IF(AK26="","",COUNTIF($Z$24:$Z$700,AK26)) -> 32 | AM26: =IF(AK26="","",SUMIF($Z$24:$Z$700,AK26,$BI$24:$BI$700)) -> 0 | AN26: =IF(AK26="","",AM26+ROW()/1000000) -> 2.6e-05 | AS26: =IF(X26="","",TEXT(COUNTIF($X$24:X26,"<>"),"00")) -> 03 | AT26: =IF(W26=3,TRIM(SUBSTITUTE(V26,"◆","")),"") -> KHKD 2027& HT lập KH theo tham số KD (bán tự động) | AU26: =IF(W26=4,TRIM(SUBSTITUTE(V26,"├─","")),"") | AV26: =IF(W26=5,TRIM(SUBSTITUTE(V26,"├─","")),"") | AW26: =IF(W26=6,TRIM(SUBSTITUTE(SUBSTITUTE(V26,"└─",""),"├─","")),"") | AX26: =Z26 -> Em Đại | AY26: =AA26 -> Dữ liệu điều hành | AZ26: =AB26 -> P1 | BA26: =AC26 -> Đang thực hiện | BB26: =AD26 -> 0 | BC26: =AE26 -> 46337 | BD26: =AF26 -> 77 | BE26: =AG26 -> 620 | ... BH26: =AJ26 -> Theo dõi tải tại Lớp 4 | BI26: {=IF($X26="","",SWITCH($W26,3,IFERROR(INDEX('Lớp 3 - Công việc chính'!$AF$14:$AF$73,MATCH($X26,'Lớp 3 - Công việc chính'!$I$14:$I$73,0)),""),4,IFERROR(INDEX('Lớp 4 - Danh mục'!$AI$14:$AI$132,MATCH($X26,'Lớp 4 - Danh mục'!$I$14:$I$132,0)),""),5,IFERROR(INDEX('Lớp 5 - Phân công'!$AJ$14:$AJ$262,MATCH($X26,'Lớp 5 - Phân công'!$I$14:$I$262,0)),""),6,IFERROR(INDEX('Lớp 6 - Chi tiết'!$AM$14:$AM$267,MATCH($X26,'Lớp 6 - Chi tiết'!$I$14:$I$267,0)),""),""))} | BJ26: {=IF($X26="","",SWITCH($W26,3,IFERROR(INDEX('Lớp 3 - Công việc chính'!$AR$14:$AR$73,MATCH($X26,'Lớp 3 - Công việc chính'!$I$14:$I$73,0)),""),4,IFERROR(INDEX('Lớp 4 - Danh mục'!$AU$14:$AU$132,MATCH($X26,'Lớp 4 - Danh mục'!$I$14:$I$132,0)),""),5,IFERROR(INDEX('Lớp 5 - Phân công'!$AV$14:$AV$262,MATCH($X26,'Lớp 5 - Phân công'!$I$14:$I$262,0)),""),6,IFERROR(INDEX('Lớp 6 - Chi tiết'!$AY$14:$AY$267,MATCH($X26,'Lớp 6 - Chi tiết'!$I$14:$I$267,0)),""),""))} -> Theo dõi phân bổ tại Lớp 4
A27: =IF($T27="","",LET(p,$T27,m,MATCH(p,$AS$24:$AS$700,0),lvl,INDEX($W$24:$W$700,m),SWITCH(lvl,3,"▓▓ L3 "&p&" "&UPPER(IF(INDEX($AT$24:$AT$700,m)="","⚠ CHƯA NHẬP TÊN",INDEX($AT$24:$AT$700,m))),4," ├─ ▓ L4 "&p&" "&IF(INDEX($AU$24:$AU$700,m)="","⚠ Chưa nhập tên",INDEX($AU$24:$AU$700,m)),5," ├── ▒ L5 "&p&" "&IF(INDEX($AV$24:$AV$700,m)="","⚠ Chưa nhập tên công việc",INDEX($AV$24:$AV$700,m)),6," └─── ░ L6 "&p&" "&IF(INDEX($AW$24:$AW$700,m)="","⚠ Chưa nhập tên chi tiết",INDEX($AW$24:$AW$700,m)),""))) -> ├── ▒ L5 03.01.01 Liệt kê & giải quyết vấn đề còn tồn tại công thức 2025 (CK/TK/phân biệt NPP) GT | B27: =IF($T27="","",INDEX($AX$24:$AX$700,MATCH($T27,$AS$24:$AS$700,0))) -> GĐ BOC | C27: =IF($T27="","",INDEX($AY$24:$AY$700,MATCH($T27,$AS$24:$AS$700,0))) -> Dữ liệu điều hành | D27: =IF($T27="","",INDEX($AZ$24:$AZ$700,MATCH($T27,$AS$24:$AS$700,0))) -> P1 | E27: =IF($T27="","",INDEX($BA$24:$BA$700,MATCH($T27,$AS$24:$AS$700,0))) -> Chưa bắt đầu | F27: =IF($T27="","",INDEX($BB$24:$BB$700,MATCH($T27,$AS$24:$AS$700,0))) -> 0 | G27: =IF($T27="","",INDEX($BC$24:$BC$700,MATCH($T27,$AS$24:$AS$700,0))) -> 46249 | H27: =IF($T27="","",INDEX($BD$24:$BD$700,MATCH($T27,$AS$24:$AS$700,0))) -> 4 | I27: =IF($T27="","",INDEX($BF$24:$BF$700,MATCH($T27,$AS$24:$AS$700,0))) -> 16 | J27: =IF($T27="","",INDEX($BG$24:$BG$700,MATCH($T27,$AS$24:$AS$700,0))) -> 🟠 Hạn ≤7 ngày | K27: =IF($T27="","",INDEX($BH$24:$BH$700,MATCH($T27,$AS$24:$AS$700,0))) -> Bình thường – tổng 1.6/8.0 giờ/ngày | L27: {=IF($T27="","",LET(m,MATCH($T27,$AS$24:$AS$700,0),lvl,INDEX($W$24:$W$700,m),id,INDEX($X$24:$X$700,m),SWITCH(lvl,3,"Lớp 3 - Công việc chính!A"&MATCH(id,'Lớp 3 - Công việc chính'!$I$1:$I$73,0),4,"Lớp 4 - Danh mục!A"&MATCH(id,'Lớp 4 - Danh mục'!$I$1:$I$132,0),5,"Lớp 5 - Phân công!A"&MATCH(id,'Lớp 5 - Phân công'!$I$1:$I$262,0),6,"Lớp 6 - Chi tiết!A"&MATCH(id,'Lớp 6 - Chi tiết'!$I$1:$I$267,0))))} -> Lớp 5 - Phân công!A14 | M27: =IF($T27="","",INDEX($BI$24:$BI$700,MATCH($T27,$AS$24:$AS$700,0))) -> 1.6 | N27: =IF($T27="","",INDEX($BJ$24:$BJ$700,MATCH($T27,$AS$24:$AS$700,0))) -> Thiếu 12.0 giờ/tuần | T27: =IFERROR(__xludf.DUMMYFUNCTION("""COMPUTED_VALUE"""),"03.01.01") -> 03.01.01 | U27: =IF('Lớp 3 - Công việc chính'!I17="","",'Lớp 3 - Công việc chính'!I17) -> HHL3RD01 | V27: =IF('Lớp 3 - Công việc chính'!I17="","","◆ "&'Lớp 3 - Công việc chính'!M17) -> ◆ KH sản phẩm 2027-2030 | W27: =IF('Lớp 3 - Công việc chính'!I17="","",3) -> 3 | X27: ='Lớp 3 - Công việc chính'!I17 -> HHL3RD01 | Y27: =IF(X27="","","") | Z27: ='Lớp 3 - Công việc chính'!V17 -> Ms Trang | AA27: ='Lớp 3 - Công việc chính'!W17 -> R&D | AB27: ='Lớp 3 - Công việc chính'!Y17 -> P1 | AC27: ='Lớp 3 - Công việc chính'!X17 -> Đang thực hiện | AD27: ='Lớp 3 - Công việc chính'!AC17 -> 0 | AE27: ='Lớp 3 - Công việc chính'!AA17 -> 46305 | AF27: ='Lớp 3 - Công việc chính'!AD17 -> 50 | AG27: ='Lớp 3 - Công việc chính'!AE17 | AH27: =IF(AG27="","",AG27*(1-AD27)) | AI27: =IF(AC27="Hoàn thành","🟢 Hoàn thành",IF(AC27="Hủy","⚪ Hủy",IF(AE27="","🔵 Chưa có hạn",IF(AE27<TODAY(),"🔴 Quá hạn",IF(AE27<=TODAY()+7,"🟠 Hạn ≤7 ngày",IF(AB27="P1","🟣 P1 trọng yếu","🟢 Theo kế hoạch")))))) -> 🟣 P1 trọng yếu | AJ27: ='Lớp 3 - Công việc chính'!AH17 -> Theo dõi tải tại Lớp 4 | AK27: =IFERROR(__xludf.DUMMYFUNCTION("""COMPUTED_VALUE"""),"Team PTSP") -> Team PTSP | AL27: =IF(AK27="","",COUNTIF($Z$24:$Z$700,AK27)) -> 2 | AM27: =IF(AK27="","",SUMIF($Z$24:$Z$700,AK27,$BI$24:$BI$700)) -> 0 | AN27: =IF(AK27="","",AM27+ROW()/1000000) -> 2.7e-05 | AS27: =IF(X27="","",TEXT(COUNTIF($X$24:X27,"<>"),"00")) -> 04 | AT27: =IF(W27=3,TRIM(SUBSTITUTE(V27,"◆","")),"") -> KH sản phẩm 2027-2030 | AU27: =IF(W27=4,TRIM(SUBSTITUTE(V27,"├─","")),"") | AV27: =IF(W27=5,TRIM(SUBSTITUTE(V27,"├─","")),"") | AW27: =IF(W27=6,TRIM(SUBSTITUTE(SUBSTITUTE(V27,"└─",""),"├─","")),"") | AX27: =Z27 -> Ms Trang | AY27: =AA27 -> R&D | AZ27: =AB27 -> P1 | BA27: =AC27 -> Đang thực hiện | BB27: =AD27 -> 0 | BC27: =AE27 -> 46305 | BD27: =AF27 -> 50 | BE27: =AG27 | ... BH27: =AJ27 -> Theo dõi tải tại Lớp 4 | BI27: {=IF($X27="","",SWITCH($W27,3,IFERROR(INDEX('Lớp 3 - Công việc chính'!$AF$14:$AF$73,MATCH($X27,'Lớp 3 - Công việc chính'!$I$14:$I$73,0)),""),4,IFERROR(INDEX('Lớp 4 - Danh mục'!$AI$14:$AI$132,MATCH($X27,'Lớp 4 - Danh mục'!$I$14:$I$132,0)),""),5,IFERROR(INDEX('Lớp 5 - Phân công'!$AJ$14:$AJ$262,MATCH($X27,'Lớp 5 - Phân công'!$I$14:$I$262,0)),""),6,IFERROR(INDEX('Lớp 6 - Chi tiết'!$AM$14:$AM$267,MATCH($X27,'Lớp 6 - Chi tiết'!$I$14:$I$267,0)),""),""))} | BJ27: {=IF($X27="","",SWITCH($W27,3,IFERROR(INDEX('Lớp 3 - Công việc chính'!$AR$14:$AR$73,MATCH($X27,'Lớp 3 - Công việc chính'!$I$14:$I$73,0)),""),4,IFERROR(INDEX('Lớp 4 - Danh mục'!$AU$14:$AU$132,MATCH($X27,'Lớp 4 - Danh mục'!$I$14:$I$132,0)),""),5,IFERROR(INDEX('Lớp 5 - Phân công'!$AV$14:$AV$262,MATCH($X27,'Lớp 5 - Phân công'!$I$14:$I$262,0)),""),6,IFERROR(INDEX('Lớp 6 - Chi tiết'!$AY$14:$AY$267,MATCH($X27,'Lớp 6 - Chi tiết'!$I$14:$I$267,0)),""),""))} -> Theo dõi phân bổ tại Lớp 4
A28: =IF($T28="","",LET(p,$T28,m,MATCH(p,$AS$24:$AS$700,0),lvl,INDEX($W$24:$W$700,m),SWITCH(lvl,3,"▓▓ L3 "&p&" "&UPPER(IF(INDEX($AT$24:$AT$700,m)="","⚠ CHƯA NHẬP TÊN",INDEX($AT$24:$AT$700,m))),4," ├─ ▓ L4 "&p&" "&IF(INDEX($AU$24:$AU$700,m)="","⚠ Chưa nhập tên",INDEX($AU$24:$AU$700,m)),5," ├── ▒ L5 "&p&" "&IF(INDEX($AV$24:$AV$700,m)="","⚠ Chưa nhập tên công việc",INDEX($AV$24:$AV$700,m)),6," └─── ░ L6 "&p&" "&IF(INDEX($AW$24:$AW$700,m)="","⚠ Chưa nhập tên chi tiết",INDEX($AW$24:$AW$700,m)),""))) -> ├── ▒ L5 03.01.02 Chốt lại đề bài với GĐ BOC & GT | B28: =IF($T28="","",INDEX($AX$24:$AX$700,MATCH($T28,$AS$24:$AS$700,0))) -> GĐ BOC | C28: =IF($T28="","",INDEX($AY$24:$AY$700,MATCH($T28,$AS$24:$AS$700,0))) -> Dữ liệu điều hành | D28: =IF($T28="","",INDEX($AZ$24:$AZ$700,MATCH($T28,$AS$24:$AS$700,0))) -> P1 | E28: =IF($T28="","",INDEX($BA$24:$BA$700,MATCH($T28,$AS$24:$AS$700,0))) -> Chưa bắt đầu | F28: =IF($T28="","",INDEX($BB$24:$BB$700,MATCH($T28,$AS$24:$AS$700,0))) -> 0 | G28: =IF($T28="","",INDEX($BC$24:$BC$700,MATCH($T28,$AS$24:$AS$700,0))) -> 46254 | H28: =IF($T28="","",INDEX($BD$24:$BD$700,MATCH($T28,$AS$24:$AS$700,0))) -> 4 | I28: =IF($T28="","",INDEX($BF$24:$BF$700,MATCH($T28,$AS$24:$AS$700,0))) -> 4 | J28: =IF($T28="","",INDEX($BG$24:$BG$700,MATCH($T28,$AS$24:$AS$700,0))) -> 🟣 P1 trọng yếu | K28: =IF($T28="","",INDEX($BH$24:$BH$700,MATCH($T28,$AS$24:$AS$700,0))) -> Bình thường – tổng 0.8/8.0 giờ/ngày | L28: {=IF($T28="","",LET(m,MATCH($T28,$AS$24:$AS$700,0),lvl,INDEX($W$24:$W$700,m),id,INDEX($X$24:$X$700,m),SWITCH(lvl,3,"Lớp 3 - Công việc chính!A"&MATCH(id,'Lớp 3 - Công việc chính'!$I$1:$I$73,0),4,"Lớp 4 - Danh mục!A"&MATCH(id,'Lớp 4 - Danh mục'!$I$1:$I$132,0),5,"Lớp 5 - Phân công!A"&MATCH(id,'Lớp 5 - Phân công'!$I$1:$I$262,0),6,"Lớp 6 - Chi tiết!A"&MATCH(id,'Lớp 6 - Chi tiết'!$I$1:$I$267,0))))} -> Lớp 5 - Phân công!A15 | M28: =IF($T28="","",INDEX($BI$24:$BI$700,MATCH($T28,$AS$24:$AS$700,0))) -> 0.8 | N28: =IF($T28="","",INDEX($BJ$24:$BJ$700,MATCH($T28,$AS$24:$AS$700,0))) -> Thiếu 1.0 giờ/tuần | T28: =IFERROR(__xludf.DUMMYFUNCTION("""COMPUTED_VALUE"""),"03.01.02") -> 03.01.02 | U28: =IF('Lớp 3 - Công việc chính'!I18="","",'Lớp 3 - Công việc chính'!I18) -> HHL3RD02 | V28: =IF('Lớp 3 - Công việc chính'!I18="","","◆ "&'Lớp 3 - Công việc chính'!M18) -> ◆ Danh mục SP OEM đề xuất | W28: =IF('Lớp 3 - Công việc chính'!I18="","",3) -> 3 | X28: ='Lớp 3 - Công việc chính'!I18 -> HHL3RD02 | Y28: =IF(X28="","","") | Z28: ='Lớp 3 - Công việc chính'!V18 -> Ms Trang | AA28: ='Lớp 3 - Công việc chính'!W18 -> R&D | AB28: ='Lớp 3 - Công việc chính'!Y18 -> P2 | AC28: ='Lớp 3 - Công việc chính'!X18 -> Đang thực hiện | AD28: ='Lớp 3 - Công việc chính'!AC18 -> 0 | AE28: ='Lớp 3 - Công việc chính'!AA18 -> 46274 | AF28: ='Lớp 3 - Công việc chính'!AD18 -> 23 | AG28: ='Lớp 3 - Công việc chính'!AE18 -> 120 | AH28: =IF(AG28="","",AG28*(1-AD28)) -> 120 | AI28: =IF(AC28="Hoàn thành","🟢 Hoàn thành",IF(AC28="Hủy","⚪ Hủy",IF(AE28="","🔵 Chưa có hạn",IF(AE28<TODAY(),"🔴 Quá hạn",IF(AE28<=TODAY()+7,"🟠 Hạn ≤7 ngày",IF(AB28="P1","🟣 P1 trọng yếu","🟢 Theo kế hoạch")))))) -> 🟢 Theo kế hoạch | AJ28: ='Lớp 3 - Công việc chính'!AH18 -> Theo dõi tải tại Lớp 4 | AK28: =IFERROR(__xludf.DUMMYFUNCTION("""COMPUTED_VALUE"""),"Thu Trang") -> Thu Trang | AL28: =IF(AK28="","",COUNTIF($Z$24:$Z$700,AK28)) -> 1 | AM28: =IF(AK28="","",SUMIF($Z$24:$Z$700,AK28,$BI$24:$BI$700)) -> 0 | AN28: =IF(AK28="","",AM28+ROW()/1000000) -> 2.8e-05 | AS28: =IF(X28="","",TEXT(COUNTIF($X$24:X28,"<>"),"00")) -> 05 | AT28: =IF(W28=3,TRIM(SUBSTITUTE(V28,"◆","")),"") -> Danh mục SP OEM đề xuất | AU28: =IF(W28=4,TRIM(SUBSTITUTE(V28,"├─","")),"") | AV28: =IF(W28=5,TRIM(SUBSTITUTE(V28,"├─","")),"") | AW28: =IF(W28=6,TRIM(SUBSTITUTE(SUBSTITUTE(V28,"└─",""),"├─","")),"") | AX28: =Z28 -> Ms Trang | AY28: =AA28 -> R&D | AZ28: =AB28 -> P2 | BA28: =AC28 -> Đang thực hiện | BB28: =AD28 -> 0 | BC28: =AE28 -> 46274 | BD28: =AF28 -> 23 | BE28: =AG28 -> 120 | ... BH28: =AJ28 -> Theo dõi tải tại Lớp 4 | BI28: {=IF($X28="","",SWITCH($W28,3,IFERROR(INDEX('Lớp 3 - Công việc chính'!$AF$14:$AF$73,MATCH($X28,'Lớp 3 - Công việc chính'!$I$14:$I$73,0)),""),4,IFERROR(INDEX('Lớp 4 - Danh mục'!$AI$14:$AI$132,MATCH($X28,'Lớp 4 - Danh mục'!$I$14:$I$132,0)),""),5,IFERROR(INDEX('Lớp 5 - Phân công'!$AJ$14:$AJ$262,MATCH($X28,'Lớp 5 - Phân công'!$I$14:$I$262,0)),""),6,IFERROR(INDEX('Lớp 6 - Chi tiết'!$AM$14:$AM$267,MATCH($X28,'Lớp 6 - Chi tiết'!$I$14:$I$267,0)),""),""))} | BJ28: {=IF($X28="","",SWITCH($W28,3,IFERROR(INDEX('Lớp 3 - Công việc chính'!$AR$14:$AR$73,MATCH($X28,'Lớp 3 - Công việc chính'!$I$14:$I$73,0)),""),4,IFERROR(INDEX('Lớp 4 - Danh mục'!$AU$14:$AU$132,MATCH($X28,'Lớp 4 - Danh mục'!$I$14:$I$132,0)),""),5,IFERROR(INDEX('Lớp 5 - Phân công'!$AV$14:$AV$262,MATCH($X28,'Lớp 5 - Phân công'!$I$14:$I$262,0)),""),6,IFERROR(INDEX('Lớp 6 - Chi tiết'!$AY$14:$AY$267,MATCH($X28,'Lớp 6 - Chi tiết'!$I$14:$I$267,0)),""),""))} -> Theo dõi phân bổ tại Lớp 4
A29: =IF($T29="","",LET(p,$T29,m,MATCH(p,$AS$24:$AS$700,0),lvl,INDEX($W$24:$W$700,m),SWITCH(lvl,3,"▓▓ L3 "&p&" "&UPPER(IF(INDEX($AT$24:$AT$700,m)="","⚠ CHƯA NHẬP TÊN",INDEX($AT$24:$AT$700,m))),4," ├─ ▓ L4 "&p&" "&IF(INDEX($AU$24:$AU$700,m)="","⚠ Chưa nhập tên",INDEX($AU$24:$AU$700,m)),5," ├── ▒ L5 "&p&" "&IF(INDEX($AV$24:$AV$700,m)="","⚠ Chưa nhập tên công việc",INDEX($AV$24:$AV$700,m)),6," └─── ░ L6 "&p&" "&IF(INDEX($AW$24:$AW$700,m)="","⚠ Chưa nhập tên chi tiết",INDEX($AW$24:$AW$700,m)),""))) -> ├── ▒ L5 03.01.03 XD bảng Excel & HT phần mềm (chạy demo) &GT | B29: =IF($T29="","",INDEX($AX$24:$AX$700,MATCH($T29,$AS$24:$AS$700,0))) -> Em Đại | C29: =IF($T29="","",INDEX($AY$24:$AY$700,MATCH($T29,$AS$24:$AS$700,0))) -> Dữ liệu điều hành | D29: =IF($T29="","",INDEX($AZ$24:$AZ$700,MATCH($T29,$AS$24:$AS$700,0))) -> P1 | E29: =IF($T29="","",INDEX($BA$24:$BA$700,MATCH($T29,$AS$24:$AS$700,0))) -> Chưa bắt đầu | F29: =IF($T29="","",INDEX($BB$24:$BB$700,MATCH($T29,$AS$24:$AS$700,0))) -> 0 | G29: =IF($T29="","",INDEX($BC$24:$BC$700,MATCH($T29,$AS$24:$AS$700,0))) -> 46264 | H29: =IF($T29="","",INDEX($BD$24:$BD$700,MATCH($T29,$AS$24:$AS$700,0))) -> 8 | I29: =IF($T29="","",INDEX($BF$24:$BF$700,MATCH($T29,$AS$24:$AS$700,0))) -> 16 | J29: =IF($T29="","",INDEX($BG$24:$BG$700,MATCH($T29,$AS$24:$AS$700,0))) -> 🟣 P1 trọng yếu | K29: =IF($T29="","",INDEX($BH$24:$BH$700,MATCH($T29,$AS$24:$AS$700,0))) -> Bình thường – tổng 3.2/8.0 giờ/ngày | L29: {=IF($T29="","",LET(m,MATCH($T29,$AS$24:$AS$700,0),lvl,INDEX($W$24:$W$700,m),id,INDEX($X$24:$X$700,m),SWITCH(lvl,3,"Lớp 3 - Công việc chính!A"&MATCH(id,'Lớp 3 - Công việc chính'!$I$1:$I$73,0),4,"Lớp 4 - Danh mục!A"&MATCH(id,'Lớp 4 - Danh mục'!$I$1:$I$132,0),5,"Lớp 5 - Phân công!A"&MATCH(id,'Lớp 5 - Phân công'!$I$1:$I$262,0),6,"Lớp 6 - Chi tiết!A"&MATCH(id,'Lớp 6 - Chi tiết'!$I$1:$I$267,0))))} -> Lớp 5 - Phân công!A16 | M29: =IF($T29="","",INDEX($BI$24:$BI$700,MATCH($T29,$AS$24:$AS$700,0))) -> 3.2 | N29: =IF($T29="","",INDEX($BJ$24:$BJ$700,MATCH($T29,$AS$24:$AS$700,0))) -> Đủ phân bổ theo tuần | T29: =IFERROR(__xludf.DUMMYFUNCTION("""COMPUTED_VALUE"""),"03.01.03") -> 03.01.03 | U29: =IF('Lớp 3 - Công việc chính'!I19="","",'Lớp 3 - Công việc chính'!I19) -> #REF! | V29: =IF('Lớp 3 - Công việc chính'!I19="","","◆ "&'Lớp 3 - Công việc chính'!M19) -> #REF! | W29: =IF('Lớp 3 - Công việc chính'!I19="","",3) -> #REF! | X29: ='Lớp 3 - Công việc chính'!I19 -> #REF! | Y29: =IF(X29="","","") -> #REF! | Z29: ='Lớp 3 - Công việc chính'!V19 -> #REF! | AA29: ='Lớp 3 - Công việc chính'!W19 -> #REF! | AB29: ='Lớp 3 - Công việc chính'!Y19 -> #REF! | AC29: ='Lớp 3 - Công việc chính'!X19 -> #REF! | AD29: ='Lớp 3 - Công việc chính'!AC19 -> #REF! | AE29: ='Lớp 3 - Công việc chính'!AA19 -> #REF! | AF29: ='Lớp 3 - Công việc chính'!AD19 -> #REF! | AG29: ='Lớp 3 - Công việc chính'!AE19 -> #REF! | AH29: =IF(AG29="","",AG29*(1-AD29)) -> #REF! | AI29: =IF(AC29="Hoàn thành","🟢 Hoàn thành",IF(AC29="Hủy","⚪ Hủy",IF(AE29="","🔵 Chưa có hạn",IF(AE29<TODAY(),"🔴 Quá hạn",IF(AE29<=TODAY()+7,"🟠 Hạn ≤7 ngày",IF(AB29="P1","🟣 P1 trọng yếu","🟢 Theo kế hoạch")))))) -> #REF! | AJ29: ='Lớp 3 - Công việc chính'!AH19 -> #REF! | AL29: =IF(AK29="","",COUNTIF($Z$24:$Z$700,AK29)) | AM29: =IF(AK29="","",SUMIF($Z$24:$Z$700,AK29,$BI$24:$BI$700)) | AN29: =IF(AK29="","",AM29+ROW()/1000000) | AS29: =IF(X29="","",TEXT(COUNTIF($X$24:X29,"<>"),"00")) -> #REF! | AT29: =IF(W29=3,TRIM(SUBSTITUTE(V29,"◆","")),"") -> #REF! | AU29: =IF(W29=4,TRIM(SUBSTITUTE(V29,"├─","")),"") -> #REF! | AV29: =IF(W29=5,TRIM(SUBSTITUTE(V29,"├─","")),"") -> #REF! | AW29: =IF(W29=6,TRIM(SUBSTITUTE(SUBSTITUTE(V29,"└─",""),"├─","")),"") -> #REF! | AX29: =Z29 -> #REF! | AY29: =AA29 -> #REF! | AZ29: =AB29 -> #REF! | BA29: =AC29 -> #REF! | BB29: =AD29 -> #REF! | BC29: =AE29 -> #REF! | BD29: =AF29 -> #REF! | BE29: =AG29 -> #REF! | ... BH29: =AJ29 -> #REF! | BI29: {=IF($X29="","",SWITCH($W29,3,IFERROR(INDEX('Lớp 3 - Công việc chính'!$AF$14:$AF$73,MATCH($X29,'Lớp 3 - Công việc chính'!$I$14:$I$73,0)),""),4,IFERROR(INDEX('Lớp 4 - Danh mục'!$AI$14:$AI$132,MATCH($X29,'Lớp 4 - Danh mục'!$I$14:$I$132,0)),""),5,IFERROR(INDEX('Lớp 5 - Phân công'!$AJ$14:$AJ$262,MATCH($X29,'Lớp 5 - Phân công'!$I$14:$I$262,0)),""),6,IFERROR(INDEX('Lớp 6 - Chi tiết'!$AM$14:$AM$267,MATCH($X29,'Lớp 6 - Chi tiết'!$I$14:$I$267,0)),""),""))} -> #REF! | BJ29: {=IF($X29="","",SWITCH($W29,3,IFERROR(INDEX('Lớp 3 - Công việc chính'!$AR$14:$AR$73,MATCH($X29,'Lớp 3 - Công việc chính'!$I$14:$I$73,0)),""),4,IFERROR(INDEX('Lớp 4 - Danh mục'!$AU$14:$AU$132,MATCH($X29,'Lớp 4 - Danh mục'!$I$14:$I$132,0)),""),5,IFERROR(INDEX('Lớp 5 - Phân công'!$AV$14:$AV$262,MATCH($X29,'Lớp 5 - Phân công'!$I$14:$I$262,0)),""),6,IFERROR(INDEX('Lớp 6 - Chi tiết'!$AY$14:$AY$267,MATCH($X29,'Lớp 6 - Chi tiết'!$I$14:$I$267,0)),""),""))} -> #REF!
A30: =IF($T30="","",LET(p,$T30,m,MATCH(p,$AS$24:$AS$700,0),lvl,INDEX($W$24:$W$700,m),SWITCH(lvl,3,"▓▓ L3 "&p&" "&UPPER(IF(INDEX($AT$24:$AT$700,m)="","⚠ CHƯA NHẬP TÊN",INDEX($AT$24:$AT$700,m))),4," ├─ ▓ L4 "&p&" "&IF(INDEX($AU$24:$AU$700,m)="","⚠ Chưa nhập tên",INDEX($AU$24:$AU$700,m)),5," ├── ▒ L5 "&p&" "&IF(INDEX($AV$24:$AV$700,m)="","⚠ Chưa nhập tên công việc",INDEX($AV$24:$AV$700,m)),6," └─── ░ L6 "&p&" "&IF(INDEX($AW$24:$AW$700,m)="","⚠ Chưa nhập tên chi tiết",INDEX($AW$24:$AW$700,m)),""))) -> ├── ▒ L5 03.01.04 Chạy tham số Topdown GT | B30: =IF($T30="","",INDEX($AX$24:$AX$700,MATCH($T30,$AS$24:$AS$700,0))) -> Em Đại | C30: =IF($T30="","",INDEX($AY$24:$AY$700,MATCH($T30,$AS$24:$AS$700,0))) -> Dữ liệu điều hành | D30: =IF($T30="","",INDEX($AZ$24:$AZ$700,MATCH($T30,$AS$24:$AS$700,0))) -> P1 | E30: =IF($T30="","",INDEX($BA$24:$BA$700,MATCH($T30,$AS$24:$AS$700,0))) -> Chưa bắt đầu | F30: =IF($T30="","",INDEX($BB$24:$BB$700,MATCH($T30,$AS$24:$AS$700,0))) -> 0 | G30: =IF($T30="","",INDEX($BC$24:$BC$700,MATCH($T30,$AS$24:$AS$700,0))) -> 46270 | H30: =IF($T30="","",INDEX($BD$24:$BD$700,MATCH($T30,$AS$24:$AS$700,0))) -> 4 | I30: =IF($T30="","",INDEX($BF$24:$BF$700,MATCH($T30,$AS$24:$AS$700,0))) -> 8 | J30: =IF($T30="","",INDEX($BG$24:$BG$700,MATCH($T30,$AS$24:$AS$700,0))) -> 🟣 P1 trọng yếu | K30: =IF($T30="","",INDEX($BH$24:$BH$700,MATCH($T30,$AS$24:$AS$700,0))) -> Bình thường – tổng 1.6/8.0 giờ/ngày | L30: {=IF($T30="","",LET(m,MATCH($T30,$AS$24:$AS$700,0),lvl,INDEX($W$24:$W$700,m),id,INDEX($X$24:$X$700,m),SWITCH(lvl,3,"Lớp 3 - Công việc chính!A"&MATCH(id,'Lớp 3 - Công việc chính'!$I$1:$I$73,0),4,"Lớp 4 - Danh mục!A"&MATCH(id,'Lớp 4 - Danh mục'!$I$1:$I$132,0),5,"Lớp 5 - Phân công!A"&MATCH(id,'Lớp 5 - Phân công'!$I$1:$I$262,0),6,"Lớp 6 - Chi tiết!A"&MATCH(id,'Lớp 6 - Chi tiết'!$I$1:$I$267,0))))} -> Lớp 5 - Phân công!A17 | M30: =IF($T30="","",INDEX($BI$24:$BI$700,MATCH($T30,$AS$24:$AS$700,0))) -> 1.6 | N30: =IF($T30="","",INDEX($BJ$24:$BJ$700,MATCH($T30,$AS$24:$AS$700,0))) -> Thiếu 2.0 giờ/tuần | T30: =IFERROR(__xludf.DUMMYFUNCTION("""COMPUTED_VALUE"""),"03.01.04") -> 03.01.04 | U30: =IF('Lớp 3 - Công việc chính'!I20="","",'Lớp 3 - Công việc chính'!I20) -> HHL3RD04 | V30: =IF('Lớp 3 - Công việc chính'!I20="","","◆ "&'Lớp 3 - Công việc chính'!M20) -> ◆ Xây dựng master file & xác định điểm A | W30: =IF('Lớp 3 - Công việc chính'!I20="","",3) -> 3 | X30: ='Lớp 3 - Công việc chính'!I20 -> HHL3RD04 | Y30: =IF(X30="","","") | Z30: ='Lớp 3 - Công việc chính'!V20 -> Ms Trang | AA30: ='Lớp 3 - Công việc chính'!W20 -> R&D | AB30: ='Lớp 3 - Công việc chính'!Y20 -> P2 | AC30: ='Lớp 3 - Công việc chính'!X20 -> Đang thực hiện | AD30: ='Lớp 3 - Công việc chính'!AC20 -> 0 | AE30: ='Lớp 3 - Công việc chính'!AA20 -> 46368 | AF30: ='Lớp 3 - Công việc chính'!AD20 -> 104 | AG30: ='Lớp 3 - Công việc chính'!AE20 -> 160 | AH30: =IF(AG30="","",AG30*(1-AD30)) -> 160 | AI30: =IF(AC30="Hoàn thành","🟢 Hoàn thành",IF(AC30="Hủy","⚪ Hủy",IF(AE30="","🔵 Chưa có hạn",IF(AE30<TODAY(),"🔴 Quá hạn",IF(AE30<=TODAY()+7,"🟠 Hạn ≤7 ngày",IF(AB30="P1","🟣 P1 trọng yếu","🟢 Theo kế hoạch")))))) -> 🟢 Theo kế hoạch | AJ30: ='Lớp 3 - Công việc chính'!AH20 -> Thiếu tham số phân bổ | AL30: =IF(AK30="","",COUNTIF($Z$24:$Z$700,AK30)) | AM30: =IF(AK30="","",SUMIF($Z$24:$Z$700,AK30,$BI$24:$BI$700)) | AN30: =IF(AK30="","",AM30+ROW()/1000000) | AS30: =IF(X30="","",TEXT(COUNTIF($X$24:X30,"<>"),"00")) -> 07 | AT30: =IF(W30=3,TRIM(SUBSTITUTE(V30,"◆","")),"") -> Xây dựng master file & xác định điểm A | AU30: =IF(W30=4,TRIM(SUBSTITUTE(V30,"├─","")),"") | AV30: =IF(W30=5,TRIM(SUBSTITUTE(V30,"├─","")),"") | AW30: =IF(W30=6,TRIM(SUBSTITUTE(SUBSTITUTE(V30,"└─",""),"├─","")),"") | AX30: =Z30 -> Ms Trang | AY30: =AA30 -> R&D | AZ30: =AB30 -> P2 | BA30: =AC30 -> Đang thực hiện | BB30: =AD30 -> 0 | BC30: =AE30 -> 46368 | BD30: =AF30 -> 104 | BE30: =AG30 -> 160 | ... BH30: =AJ30 -> Thiếu tham số phân bổ | BI30: {=IF($X30="","",SWITCH($W30,3,IFERROR(INDEX('Lớp 3 - Công việc chính'!$AF$14:$AF$73,MATCH($X30,'Lớp 3 - Công việc chính'!$I$14:$I$73,0)),""),4,IFERROR(INDEX('Lớp 4 - Danh mục'!$AI$14:$AI$132,MATCH($X30,'Lớp 4 - Danh mục'!$I$14:$I$132,0)),""),5,IFERROR(INDEX('Lớp 5 - Phân công'!$AJ$14:$AJ$262,MATCH($X30,'Lớp 5 - Phân công'!$I$14:$I$262,0)),""),6,IFERROR(INDEX('Lớp 6 - Chi tiết'!$AM$14:$AM$267,MATCH($X30,'Lớp 6 - Chi tiết'!$I$14:$I$267,0)),""),""))} | BJ30: {=IF($X30="","",SWITCH($W30,3,IFERROR(INDEX('Lớp 3 - Công việc chính'!$AR$14:$AR$73,MATCH($X30,'Lớp 3 - Công việc chính'!$I$14:$I$73,0)),""),4,IFERROR(INDEX('Lớp 4 - Danh mục'!$AU$14:$AU$132,MATCH($X30,'Lớp 4 - Danh mục'!$I$14:$I$132,0)),""),5,IFERROR(INDEX('Lớp 5 - Phân công'!$AV$14:$AV$262,MATCH($X30,'Lớp 5 - Phân công'!$I$14:$I$262,0)),""),6,IFERROR(INDEX('Lớp 6 - Chi tiết'!$AY$14:$AY$267,MATCH($X30,'Lớp 6 - Chi tiết'!$I$14:$I$267,0)),""),""))} -> Thiếu tham số phân bổ
A31: =IF($T31="","",LET(p,$T31,m,MATCH(p,$AS$24:$AS$700,0),lvl,INDEX($W$24:$W$700,m),SWITCH(lvl,3,"▓▓ L3 "&p&" "&UPPER(IF(INDEX($AT$24:$AT$700,m)="","⚠ CHƯA NHẬP TÊN",INDEX($AT$24:$AT$700,m))),4," ├─ ▓ L4 "&p&" "&IF(INDEX($AU$24:$AU$700,m)="","⚠ Chưa nhập tên",INDEX($AU$24:$AU$700,m)),5," ├── ▒ L5 "&p&" "&IF(INDEX($AV$24:$AV$700,m)="","⚠ Chưa nhập tên công việc",INDEX($AV$24:$AV$700,m)),6," └─── ░ L6 "&p&" "&IF(INDEX($AW$24:$AW$700,m)="","⚠ Chưa nhập tên chi tiết",INDEX($AW$24:$AW$700,m)),""))) -> ├── ▒ L5 03.01.05 Chạy tham số Bottom-up theo khu vực vùng miền GT | B31: =IF($T31="","",INDEX($AX$24:$AX$700,MATCH($T31,$AS$24:$AS$700,0))) -> Em Đại | C31: =IF($T31="","",INDEX($AY$24:$AY$700,MATCH($T31,$AS$24:$AS$700,0))) -> Dữ liệu điều hành | D31: =IF($T31="","",INDEX($AZ$24:$AZ$700,MATCH($T31,$AS$24:$AS$700,0))) -> P1 | E31: =IF($T31="","",INDEX($BA$24:$BA$700,MATCH($T31,$AS$24:$AS$700,0))) -> Đã lên lịch | F31: =IF($T31="","",INDEX($BB$24:$BB$700,MATCH($T31,$AS$24:$AS$700,0))) | G31: =IF($T31="","",INDEX($BC$24:$BC$700,MATCH($T31,$AS$24:$AS$700,0))) -> 46305 | H31: =IF($T31="","",INDEX($BD$24:$BD$700,MATCH($T31,$AS$24:$AS$700,0))) -> 30 | I31: =IF($T31="","",INDEX($BF$24:$BF$700,MATCH($T31,$AS$24:$AS$700,0))) -> 96 | J31: =IF($T31="","",INDEX($BG$24:$BG$700,MATCH($T31,$AS$24:$AS$700,0))) -> 🟣 P1 trọng yếu | K31: =IF($T31="","",INDEX($BH$24:$BH$700,MATCH($T31,$AS$24:$AS$700,0))) -> Quá tải – tổng 20.8/8.0 giờ/ngày | L31: {=IF($T31="","",LET(m,MATCH($T31,$AS$24:$AS$700,0),lvl,INDEX($W$24:$W$700,m),id,INDEX($X$24:$X$700,m),SWITCH(lvl,3,"Lớp 3 - Công việc chính!A"&MATCH(id,'Lớp 3 - Công việc chính'!$I$1:$I$73,0),4,"Lớp 4 - Danh mục!A"&MATCH(id,'Lớp 4 - Danh mục'!$I$1:$I$132,0),5,"Lớp 5 - Phân công!A"&MATCH(id,'Lớp 5 - Phân công'!$I$1:$I$262,0),6,"Lớp 6 - Chi tiết!A"&MATCH(id,'Lớp 6 - Chi tiết'!$I$1:$I$267,0))))} -> Lớp 5 - Phân công!A18 | M31: =IF($T31="","",INDEX($BI$24:$BI$700,MATCH($T31,$AS$24:$AS$700,0))) -> 6.4 | N31: =IF($T31="","",INDEX($BJ$24:$BJ$700,MATCH($T31,$AS$24:$AS$700,0))) -> Đủ phân bổ theo tuần | T31: =IFERROR(__xludf.DUMMYFUNCTION("""COMPUTED_VALUE"""),"03.01.05") -> 03.01.05 | U31: =IF('Lớp 3 - Công việc chính'!I21="","",'Lớp 3 - Công việc chính'!I21) -> HHL3RD05 | V31: =IF('Lớp 3 - Công việc chính'!I21="","","◆ "&'Lớp 3 - Công việc chính'!M21) -> ◆ Sự vụ quan trọng phát sinh (Vùng xám) | W31: =IF('Lớp 3 - Công việc chính'!I21="","",3) -> 3 | X31: ='Lớp 3 - Công việc chính'!I21 -> HHL3RD05 | Y31: =IF(X31="","","") | Z31: ='Lớp 3 - Công việc chính'!V21 -> Ms Trang | AA31: ='Lớp 3 - Công việc chính'!W21 -> R&D | AB31: ='Lớp 3 - Công việc chính'!Y21 -> P1 | AC31: ='Lớp 3 - Công việc chính'!X21 -> Đang thực hiện | AD31: ='Lớp 3 - Công việc chính'!AC21 -> 0 | AE31: ='Lớp 3 - Công việc chính'!AA21 -> 46387 | AF31: ='Lớp 3 - Công việc chính'!AD21 -> 120 | AG31: ='Lớp 3 - Công việc chính'!AE21 -> 160 | AH31: =IF(AG31="","",AG31*(1-AD31)) -> 160 | AI31: =IF(AC31="Hoàn thành","🟢 Hoàn thành",IF(AC31="Hủy","⚪ Hủy",IF(AE31="","🔵 Chưa có hạn",IF(AE31<TODAY(),"🔴 Quá hạn",IF(AE31<=TODAY()+7,"🟠 Hạn ≤7 ngày",IF(AB31="P1","🟣 P1 trọng yếu","🟢 Theo kế hoạch")))))) -> 🟣 P1 trọng yếu | AJ31: ='Lớp 3 - Công việc chính'!AH21 -> Thiếu tham số phân bổ | AL31: =IF(AK31="","",COUNTIF($Z$24:$Z$700,AK31)) | AM31: =IF(AK31="","",SUMIF($Z$24:$Z$700,AK31,$BI$24:$BI$700)) | AN31: =IF(AK31="","",AM31+ROW()/1000000) | AS31: =IF(X31="","",TEXT(COUNTIF($X$24:X31,"<>"),"00")) -> 08 | AT31: =IF(W31=3,TRIM(SUBSTITUTE(V31,"◆","")),"") -> Sự vụ quan trọng phát sinh (Vùng xám) | AU31: =IF(W31=4,TRIM(SUBSTITUTE(V31,"├─","")),"") | AV31: =IF(W31=5,TRIM(SUBSTITUTE(V31,"├─","")),"") | AW31: =IF(W31=6,TRIM(SUBSTITUTE(SUBSTITUTE(V31,"└─",""),"├─","")),"") | AX31: =Z31 -> Ms Trang | AY31: =AA31 -> R&D | AZ31: =AB31 -> P1 | BA31: =AC31 -> Đang thực hiện | BB31: =AD31 -> 0 | BC31: =AE31 -> 46387 | BD31: =AF31 -> 120 | BE31: =AG31 -> 160 | ... BH31: =AJ31 -> Thiếu tham số phân bổ | BI31: {=IF($X31="","",SWITCH($W31,3,IFERROR(INDEX('Lớp 3 - Công việc chính'!$AF$14:$AF$73,MATCH($X31,'Lớp 3 - Công việc chính'!$I$14:$I$73,0)),""),4,IFERROR(INDEX('Lớp 4 - Danh mục'!$AI$14:$AI$132,MATCH($X31,'Lớp 4 - Danh mục'!$I$14:$I$132,0)),""),5,IFERROR(INDEX('Lớp 5 - Phân công'!$AJ$14:$AJ$262,MATCH($X31,'Lớp 5 - Phân công'!$I$14:$I$262,0)),""),6,IFERROR(INDEX('Lớp 6 - Chi tiết'!$AM$14:$AM$267,MATCH($X31,'Lớp 6 - Chi tiết'!$I$14:$I$267,0)),""),""))} | BJ31: {=IF($X31="","",SWITCH($W31,3,IFERROR(INDEX('Lớp 3 - Công việc chính'!$AR$14:$AR$73,MATCH($X31,'Lớp 3 - Công việc chính'!$I$14:$I$73,0)),""),4,IFERROR(INDEX('Lớp 4 - Danh mục'!$AU$14:$AU$132,MATCH($X31,'Lớp 4 - Danh mục'!$I$14:$I$132,0)),""),5,IFERROR(INDEX('Lớp 5 - Phân công'!$AV$14:$AV$262,MATCH($X31,'Lớp 5 - Phân công'!$I$14:$I$262,0)),""),6,IFERROR(INDEX('Lớp 6 - Chi tiết'!$AY$14:$AY$267,MATCH($X31,'Lớp 6 - Chi tiết'!$I$14:$I$267,0)),""),""))} -> Thiếu tham số phân bổ
A32: =IF($T32="","",LET(p,$T32,m,MATCH(p,$AS$24:$AS$700,0),lvl,INDEX($W$24:$W$700,m),SWITCH(lvl,3,"▓▓ L3 "&p&" "&UPPER(IF(INDEX($AT$24:$AT$700,m)="","⚠ CHƯA NHẬP TÊN",INDEX($AT$24:$AT$700,m))),4," ├─ ▓ L4 "&p&" "&IF(INDEX($AU$24:$AU$700,m)="","⚠ Chưa nhập tên",INDEX($AU$24:$AU$700,m)),5," ├── ▒ L5 "&p&" "&IF(INDEX($AV$24:$AV$700,m)="","⚠ Chưa nhập tên công việc",INDEX($AV$24:$AV$700,m)),6," └─── ░ L6 "&p&" "&IF(INDEX($AW$24:$AW$700,m)="","⚠ Chưa nhập tên chi tiết",INDEX($AW$24:$AW$700,m)),""))) -> ├─ ▓ L4 03.02 Xây dựng công thức & tạo HT tham số cho KH MT | B32: =IF($T32="","",INDEX($AX$24:$AX$700,MATCH($T32,$AS$24:$AS$700,0))) -> Em Đại | C32: =IF($T32="","",INDEX($AY$24:$AY$700,MATCH($T32,$AS$24:$AS$700,0))) -> Dữ liệu điều hành | D32: =IF($T32="","",INDEX($AZ$24:$AZ$700,MATCH($T32,$AS$24:$AS$700,0))) -> P1 | E32: =IF($T32="","",INDEX($BA$24:$BA$700,MATCH($T32,$AS$24:$AS$700,0))) -> Chưa bắt đầu | F32: =IF($T32="","",INDEX($BB$24:$BB$700,MATCH($T32,$AS$24:$AS$700,0))) -> 0 | G32: =IF($T32="","",INDEX($BC$24:$BC$700,MATCH($T32,$AS$24:$AS$700,0))) -> 46310 | H32: =IF($T32="","",INDEX($BD$24:$BD$700,MATCH($T32,$AS$24:$AS$700,0))) -> 54 | I32: =IF($T32="","",INDEX($BF$24:$BF$700,MATCH($T32,$AS$24:$AS$700,0))) -> 80 | J32: =IF($T32="","",INDEX($BG$24:$BG$700,MATCH($T32,$AS$24:$AS$700,0))) -> 🟣 P1 trọng yếu | K32: =IF($T32="","",INDEX($BH$24:$BH$700,MATCH($T32,$AS$24:$AS$700,0))) -> Theo dõi tải tại Lớp 5 | L32: {=IF($T32="","",LET(m,MATCH($T32,$AS$24:$AS$700,0),lvl,INDEX($W$24:$W$700,m),id,INDEX($X$24:$X$700,m),SWITCH(lvl,3,"Lớp 3 - Công việc chính!A"&MATCH(id,'Lớp 3 - Công việc chính'!$I$1:$I$73,0),4,"Lớp 4 - Danh mục!A"&MATCH(id,'Lớp 4 - Danh mục'!$I$1:$I$132,0),5,"Lớp 5 - Phân công!A"&MATCH(id,'Lớp 5 - Phân công'!$I$1:$I$262,0),6,"Lớp 6 - Chi tiết!A"&MATCH(id,'Lớp 6 - Chi tiết'!$I$1:$I$267,0))))} -> Lớp 4 - Danh mục!A15 | M32: =IF($T32="","",INDEX($BI$24:$BI$700,MATCH($T32,$AS$24:$AS$700,0))) | N32: =IF($T32="","",INDEX($BJ$24:$BJ$700,MATCH($T32,$AS$24:$AS$700,0))) -> Theo dõi phân bổ tại Lớp 5 | T32: =IFERROR(__xludf.DUMMYFUNCTION("""COMPUTED_VALUE"""),"03.02") -> 03.02 | U32: =IF('Lớp 3 - Công việc chính'!I22="","",'Lớp 3 - Công việc chính'!I22) -> HHL3RD06 | V32: =IF('Lớp 3 - Công việc chính'!I22="","","◆ "&'Lớp 3 - Công việc chính'!M22) -> ◆ XD quy chế đào tạo & Chiến lược đào tạo SP | W32: =IF('Lớp 3 - Công việc chính'!I22="","",3) -> 3 | X32: ='Lớp 3 - Công việc chính'!I22 -> HHL3RD06 | Y32: =IF(X32="","","") | Z32: ='Lớp 3 - Công việc chính'!V22 -> Ms Trang | AA32: ='Lớp 3 - Công việc chính'!W22 -> R&D | AB32: ='Lớp 3 - Công việc chính'!Y22 -> P2 | AC32: ='Lớp 3 - Công việc chính'!X22 -> Đang thực hiện | AD32: ='Lớp 3 - Công việc chính'!AC22 -> 0 | AE32: ='Lớp 3 - Công việc chính'!AA22 -> 46449 | AF32: ='Lớp 3 - Công việc chính'!AD22 -> 173 | AG32: ='Lớp 3 - Công việc chính'!AE22 -> 120 | AH32: =IF(AG32="","",AG32*(1-AD32)) -> 120 | AI32: =IF(AC32="Hoàn thành","🟢 Hoàn thành",IF(AC32="Hủy","⚪ Hủy",IF(AE32="","🔵 Chưa có hạn",IF(AE32<TODAY(),"🔴 Quá hạn",IF(AE32<=TODAY()+7,"🟠 Hạn ≤7 ngày",IF(AB32="P1","🟣 P1 trọng yếu","🟢 Theo kế hoạch")))))) -> 🟢 Theo kế hoạch | AJ32: ='Lớp 3 - Công việc chính'!AH22 -> Thiếu tham số phân bổ | AL32: =IF(AK32="","",COUNTIF($Z$24:$Z$700,AK32)) | AM32: =IF(AK32="","",SUMIF($Z$24:$Z$700,AK32,$BI$24:$BI$700)) | AN32: =IF(AK32="","",AM32+ROW()/1000000) | AS32: =IF(X32="","",TEXT(COUNTIF($X$24:X32,"<>"),"00")) -> 09 | AT32: =IF(W32=3,TRIM(SUBSTITUTE(V32,"◆","")),"") -> XD quy chế đào tạo & Chiến lược đào tạo SP | AU32: =IF(W32=4,TRIM(SUBSTITUTE(V32,"├─","")),"") | AV32: =IF(W32=5,TRIM(SUBSTITUTE(V32,"├─","")),"") | AW32: =IF(W32=6,TRIM(SUBSTITUTE(SUBSTITUTE(V32,"└─",""),"├─","")),"") | AX32: =Z32 -> Ms Trang | AY32: =AA32 -> R&D | AZ32: =AB32 -> P2 | BA32: =AC32 -> Đang thực hiện | BB32: =AD32 -> 0 | BC32: =AE32 -> 46449 | BD32: =AF32 -> 173 | BE32: =AG32 -> 120 | ... BH32: =AJ32 -> Thiếu tham số phân bổ | BI32: {=IF($X32="","",SWITCH($W32,3,IFERROR(INDEX('Lớp 3 - Công việc chính'!$AF$14:$AF$73,MATCH($X32,'Lớp 3 - Công việc chính'!$I$14:$I$73,0)),""),4,IFERROR(INDEX('Lớp 4 - Danh mục'!$AI$14:$AI$132,MATCH($X32,'Lớp 4 - Danh mục'!$I$14:$I$132,0)),""),5,IFERROR(INDEX('Lớp 5 - Phân công'!$AJ$14:$AJ$262,MATCH($X32,'Lớp 5 - Phân công'!$I$14:$I$262,0)),""),6,IFERROR(INDEX('Lớp 6 - Chi tiết'!$AM$14:$AM$267,MATCH($X32,'Lớp 6 - Chi tiết'!$I$14:$I$267,0)),""),""))} | BJ32: {=IF($X32="","",SWITCH($W32,3,IFERROR(INDEX('Lớp 3 - Công việc chính'!$AR$14:$AR$73,MATCH($X32,'Lớp 3 - Công việc chính'!$I$14:$I$73,0)),""),4,IFERROR(INDEX('Lớp 4 - Danh mục'!$AU$14:$AU$132,MATCH($X32,'Lớp 4 - Danh mục'!$I$14:$I$132,0)),""),5,IFERROR(INDEX('Lớp 5 - Phân công'!$AV$14:$AV$262,MATCH($X32,'Lớp 5 - Phân công'!$I$14:$I$262,0)),""),6,IFERROR(INDEX('Lớp 6 - Chi tiết'!$AY$14:$AY$267,MATCH($X32,'Lớp 6 - Chi tiết'!$I$14:$I$267,0)),""),""))} -> Thiếu tham số phân bổ
A33: =IF($T33="","",LET(p,$T33,m,MATCH(p,$AS$24:$AS$700,0),lvl,INDEX($W$24:$W$700,m),SWITCH(lvl,3,"▓▓ L3 "&p&" "&UPPER(IF(INDEX($AT$24:$AT$700,m)="","⚠ CHƯA NHẬP TÊN",INDEX($AT$24:$AT$700,m))),4," ├─ ▓ L4 "&p&" "&IF(INDEX($AU$24:$AU$700,m)="","⚠ Chưa nhập tên",INDEX($AU$24:$AU$700,m)),5," ├── ▒ L5 "&p&" "&IF(INDEX($AV$24:$AV$700,m)="","⚠ Chưa nhập tên công việc",INDEX($AV$24:$AV$700,m)),6," └─── ░ L6 "&p&" "&IF(INDEX($AW$24:$AW$700,m)="","⚠ Chưa nhập tên chi tiết",INDEX($AW$24:$AW$700,m)),""))) -> ├── ▒ L5 03.02.01 XD & phản biện công thức (nội bộ) MT | B33: =IF($T33="","",INDEX($AX$24:$AX$700,MATCH($T33,$AS$24:$AS$700,0))) -> Em Đại | C33: =IF($T33="","",INDEX($AY$24:$AY$700,MATCH($T33,$AS$24:$AS$700,0))) -> Dữ liệu điều hành | D33: =IF($T33="","",INDEX($AZ$24:$AZ$700,MATCH($T33,$AS$24:$AS$700,0))) -> P1 | E33: =IF($T33="","",INDEX($BA$24:$BA$700,MATCH($T33,$AS$24:$AS$700,0))) -> Chưa bắt đầu | F33: =IF($T33="","",INDEX($BB$24:$BB$700,MATCH($T33,$AS$24:$AS$700,0))) -> 0 | G33: =IF($T33="","",INDEX($BC$24:$BC$700,MATCH($T33,$AS$24:$AS$700,0))) -> 46290 | H33: =IF($T33="","",INDEX($BD$24:$BD$700,MATCH($T33,$AS$24:$AS$700,0))) -> 10 | I33: =IF($T33="","",INDEX($BF$24:$BF$700,MATCH($T33,$AS$24:$AS$700,0))) -> 16 | J33: =IF($T33="","",INDEX($BG$24:$BG$700,MATCH($T33,$AS$24:$AS$700,0))) -> 🟣 P1 trọng yếu | K33: =IF($T33="","",INDEX($BH$24:$BH$700,MATCH($T33,$AS$24:$AS$700,0))) -> Quá tải – tổng 11.2/8.0 giờ/ngày | L33: {=IF($T33="","",LET(m,MATCH($T33,$AS$24:$AS$700,0),lvl,INDEX($W$24:$W$700,m),id,INDEX($X$24:$X$700,m),SWITCH(lvl,3,"Lớp 3 - Công việc chính!A"&MATCH(id,'Lớp 3 - Công việc chính'!$I$1:$I$73,0),4,"Lớp 4 - Danh mục!A"&MATCH(id,'Lớp 4 - Danh mục'!$I$1:$I$132,0),5,"Lớp 5 - Phân công!A"&MATCH(id,'Lớp 5 - Phân công'!$I$1:$I$262,0),6,"Lớp 6 - Chi tiết!A"&MATCH(id,'Lớp 6 - Chi tiết'!$I$1:$I$267,0))))} -> Lớp 5 - Phân công!A19 | M33: =IF($T33="","",INDEX($BI$24:$BI$700,MATCH($T33,$AS$24:$AS$700,0))) -> 0.8 | N33: =IF($T33="","",INDEX($BJ$24:$BJ$700,MATCH($T33,$AS$24:$AS$700,0))) -> Thiếu 4.0 giờ/tuần | T33: =IFERROR(__xludf.DUMMYFUNCTION("""COMPUTED_VALUE"""),"03.02.01") -> 03.02.01 | U33: =IF('Lớp 3 - Công việc chính'!I23="","",'Lớp 3 - Công việc chính'!I23) -> HHL3RD07 | V33: =IF('Lớp 3 - Công việc chính'!I23="","","◆ "&'Lớp 3 - Công việc chính'!M23) -> ◆ XD cấu trúc, khoảng trống NL và kiện toàn bộ máy NS R&D | W33: =IF('Lớp 3 - Công việc chính'!I23="","",3) -> 3 | X33: ='Lớp 3 - Công việc chính'!I23 -> HHL3RD07 | Y33: =IF(X33="","","") | Z33: ='Lớp 3 - Công việc chính'!V23 -> Ms Trang | AA33: ='Lớp 3 - Công việc chính'!W23 -> R&D | AB33: ='Lớp 3 - Công việc chính'!Y23 -> P2 | AC33: ='Lớp 3 - Công việc chính'!X23 -> Đang thực hiện | AD33: ='Lớp 3 - Công việc chính'!AC23 -> 0 | AE33: ='Lớp 3 - Công việc chính'!AA23 -> 46449 | AF33: ='Lớp 3 - Công việc chính'!AD23 -> 173 | AG33: ='Lớp 3 - Công việc chính'!AE23 -> 160 | AH33: =IF(AG33="","",AG33*(1-AD33)) -> 160 | AI33: =IF(AC33="Hoàn thành","🟢 Hoàn thành",IF(AC33="Hủy","⚪ Hủy",IF(AE33="","🔵 Chưa có hạn",IF(AE33<TODAY(),"🔴 Quá hạn",IF(AE33<=TODAY()+7,"🟠 Hạn ≤7 ngày",IF(AB33="P1","🟣 P1 trọng yếu","🟢 Theo kế hoạch")))))) -> 🟢 Theo kế hoạch | AJ33: ='Lớp 3 - Công việc chính'!AH23 -> Thiếu tham số phân bổ | AL33: =IF(AK33="","",COUNTIF($Z$24:$Z$700,AK33)) | AM33: =IF(AK33="","",SUMIF($Z$24:$Z$700,AK33,$BI$24:$BI$700)) | AN33: =IF(AK33="","",AM33+ROW()/1000000) | AS33: =IF(X33="","",TEXT(COUNTIF($X$24:X33,"<>"),"00")) -> 10 | AT33: =IF(W33=3,TRIM(SUBSTITUTE(V33,"◆","")),"") -> XD cấu trúc, khoảng trống NL và kiện toàn bộ máy NS R&D | AU33: =IF(W33=4,TRIM(SUBSTITUTE(V33,"├─","")),"") | AV33: =IF(W33=5,TRIM(SUBSTITUTE(V33,"├─","")),"") | AW33: =IF(W33=6,TRIM(SUBSTITUTE(SUBSTITUTE(V33,"└─",""),"├─","")),"") | AX33: =Z33 -> Ms Trang | AY33: =AA33 -> R&D | AZ33: =AB33 -> P2 | BA33: =AC33 -> Đang thực hiện | BB33: =AD33 -> 0 | BC33: =AE33 -> 46449 | BD33: =AF33 -> 173 | BE33: =AG33 -> 160 | ... BH33: =AJ33 -> Thiếu tham số phân bổ | BI33: {=IF($X33="","",SWITCH($W33,3,IFERROR(INDEX('Lớp 3 - Công việc chính'!$AF$14:$AF$73,MATCH($X33,'Lớp 3 - Công việc chính'!$I$14:$I$73,0)),""),4,IFERROR(INDEX('Lớp 4 - Danh mục'!$AI$14:$AI$132,MATCH($X33,'Lớp 4 - Danh mục'!$I$14:$I$132,0)),""),5,IFERROR(INDEX('Lớp 5 - Phân công'!$AJ$14:$AJ$262,MATCH($X33,'Lớp 5 - Phân công'!$I$14:$I$262,0)),""),6,IFERROR(INDEX('Lớp 6 - Chi tiết'!$AM$14:$AM$267,MATCH($X33,'Lớp 6 - Chi tiết'!$I$14:$I$267,0)),""),""))} | BJ33: {=IF($X33="","",SWITCH($W33,3,IFERROR(INDEX('Lớp 3 - Công việc chính'!$AR$14:$AR$73,MATCH($X33,'Lớp 3 - Công việc chính'!$I$14:$I$73,0)),""),4,IFERROR(INDEX('Lớp 4 - Danh mục'!$AU$14:$AU$132,MATCH($X33,'Lớp 4 - Danh mục'!$I$14:$I$132,0)),""),5,IFERROR(INDEX('Lớp 5 - Phân công'!$AV$14:$AV$262,MATCH($X33,'Lớp 5 - Phân công'!$I$14:$I$262,0)),""),6,IFERROR(INDEX('Lớp 6 - Chi tiết'!$AY$14:$AY$267,MATCH($X33,'Lớp 6 - Chi tiết'!$I$14:$I$267,0)),""),""))} -> Thiếu tham số phân bổ
A34: =IF($T34="","",LET(p,$T34,m,MATCH(p,$AS$24:$AS$700,0),lvl,INDEX($W$24:$W$700,m),SWITCH(lvl,3,"▓▓ L3 "&p&" "&UPPER(IF(INDEX($AT$24:$AT$700,m)="","⚠ CHƯA NHẬP TÊN",INDEX($AT$24:$AT$700,m))),4," ├─ ▓ L4 "&p&" "&IF(INDEX($AU$24:$AU$700,m)="","⚠ Chưa nhập tên",INDEX($AU$24:$AU$700,m)),5," ├── ▒ L5 "&p&" "&IF(INDEX($AV$24:$AV$700,m)="","⚠ Chưa nhập tên công việc",INDEX($AV$24:$AV$700,m)),6," └─── ░ L6 "&p&" "&IF(INDEX($AW$24:$AW$700,m)="","⚠ Chưa nhập tên chi tiết",INDEX($AW$24:$AW$700,m)),""))) -> ├── ▒ L5 03.02.02 Phản biện với TGĐ & liên PB MT | B34: =IF($T34="","",INDEX($AX$24:$AX$700,MATCH($T34,$AS$24:$AS$700,0))) -> Em Đại | C34: =IF($T34="","",INDEX($AY$24:$AY$700,MATCH($T34,$AS$24:$AS$700,0))) -> Dữ liệu điều hành | D34: =IF($T34="","",INDEX($AZ$24:$AZ$700,MATCH($T34,$AS$24:$AS$700,0))) -> P1 | E34: =IF($T34="","",INDEX($BA$24:$BA$700,MATCH($T34,$AS$24:$AS$700,0))) -> Chưa bắt đầu | F34: =IF($T34="","",INDEX($BB$24:$BB$700,MATCH($T34,$AS$24:$AS$700,0))) -> 0 | G34: =IF($T34="","",INDEX($BC$24:$BC$700,MATCH($T34,$AS$24:$AS$700,0))) -> 46300 | H34: =IF($T34="","",INDEX($BD$24:$BD$700,MATCH($T34,$AS$24:$AS$700,0))) -> 8 | I34: =IF($T34="","",INDEX($BF$24:$BF$700,MATCH($T34,$AS$24:$AS$700,0))) -> 8 | J34: =IF($T34="","",INDEX($BG$24:$BG$700,MATCH($T34,$AS$24:$AS$700,0))) -> 🟣 P1 trọng yếu | K34: =IF($T34="","",INDEX($BH$24:$BH$700,MATCH($T34,$AS$24:$AS$700,0))) -> Quá tải – tổng 14.4/8.0 giờ/ngày | L34: {=IF($T34="","",LET(m,MATCH($T34,$AS$24:$AS$700,0),lvl,INDEX($W$24:$W$700,m),id,INDEX($X$24:$X$700,m),SWITCH(lvl,3,"Lớp 3 - Công việc chính!A"&MATCH(id,'Lớp 3 - Công việc chính'!$I$1:$I$73,0),4,"Lớp 4 - Danh mục!A"&MATCH(id,'Lớp 4 - Danh mục'!$I$1:$I$132,0),5,"Lớp 5 - Phân công!A"&MATCH(id,'Lớp 5 - Phân công'!$I$1:$I$262,0),6,"Lớp 6 - Chi tiết!A"&MATCH(id,'Lớp 6 - Chi tiết'!$I$1:$I$267,0))))} -> Lớp 5 - Phân công!A20 | M34: =IF($T34="","",INDEX($BI$24:$BI$700,MATCH($T34,$AS$24:$AS$700,0))) -> 0.8 | N34: =IF($T34="","",INDEX($BJ$24:$BJ$700,MATCH($T34,$AS$24:$AS$700,0))) -> Thiếu 1.0 giờ/tuần | T34: =IFERROR(__xludf.DUMMYFUNCTION("""COMPUTED_VALUE"""),"03.02.02") -> 03.02.02 | U34: =IF('Lớp 3 - Công việc chính'!I24="","",'Lớp 3 - Công việc chính'!I24) -> HHL3RD08 | V34: =IF('Lớp 3 - Công việc chính'!I24="","","◆ "&'Lớp 3 - Công việc chính'!M24) -> ◆ Hoạt động nghiên cứu cơ bản & CĐS ngành VPP | W34: =IF('Lớp 3 - Công việc chính'!I24="","",3) -> 3 | X34: ='Lớp 3 - Công việc chính'!I24 -> HHL3RD08 | Y34: =IF(X34="","","") | Z34: ='Lớp 3 - Công việc chính'!V24 -> Ms Trang | AA34: ='Lớp 3 - Công việc chính'!W24 -> R&D | AB34: ='Lớp 3 - Công việc chính'!Y24 -> P2 | AC34: ='Lớp 3 - Công việc chính'!X24 -> Đang thực hiện | AD34: ='Lớp 3 - Công việc chính'!AC24 -> 0 | AE34: ='Lớp 3 - Công việc chính'!AA24 -> 46387 | AF34: ='Lớp 3 - Công việc chính'!AD24 -> 120 | AG34: ='Lớp 3 - Công việc chính'!AE24 -> 240 | AH34: =IF(AG34="","",AG34*(1-AD34)) -> 240 | AI34: =IF(AC34="Hoàn thành","🟢 Hoàn thành",IF(AC34="Hủy","⚪ Hủy",IF(AE34="","🔵 Chưa có hạn",IF(AE34<TODAY(),"🔴 Quá hạn",IF(AE34<=TODAY()+7,"🟠 Hạn ≤7 ngày",IF(AB34="P1","🟣 P1 trọng yếu","🟢 Theo kế hoạch")))))) -> 🟢 Theo kế hoạch | AJ34: ='Lớp 3 - Công việc chính'!AH24 -> Thiếu tham số phân bổ | AL34: =IF(AK34="","",COUNTIF($Z$24:$Z$700,AK34)) | AM34: =IF(AK34="","",SUMIF($Z$24:$Z$700,AK34,$BI$24:$BI$700)) | AN34: =IF(AK34="","",AM34+ROW()/1000000) | AS34: =IF(X34="","",TEXT(COUNTIF($X$24:X34,"<>"),"00")) -> 11 | AT34: =IF(W34=3,TRIM(SUBSTITUTE(V34,"◆","")),"") -> Hoạt động nghiên cứu cơ bản & CĐS ngành VPP | AU34: =IF(W34=4,TRIM(SUBSTITUTE(V34,"├─","")),"") | AV34: =IF(W34=5,TRIM(SUBSTITUTE(V34,"├─","")),"") | AW34: =IF(W34=6,TRIM(SUBSTITUTE(SUBSTITUTE(V34,"└─",""),"├─","")),"") | AX34: =Z34 -> Ms Trang | AY34: =AA34 -> R&D | AZ34: =AB34 -> P2 | BA34: =AC34 -> Đang thực hiện | BB34: =AD34 -> 0 | BC34: =AE34 -> 46387 | BD34: =AF34 -> 120 | BE34: =AG34 -> 240 | ... BH34: =AJ34 -> Thiếu tham số phân bổ | BI34: {=IF($X34="","",SWITCH($W34,3,IFERROR(INDEX('Lớp 3 - Công việc chính'!$AF$14:$AF$73,MATCH($X34,'Lớp 3 - Công việc chính'!$I$14:$I$73,0)),""),4,IFERROR(INDEX('Lớp 4 - Danh mục'!$AI$14:$AI$132,MATCH($X34,'Lớp 4 - Danh mục'!$I$14:$I$132,0)),""),5,IFERROR(INDEX('Lớp 5 - Phân công'!$AJ$14:$AJ$262,MATCH($X34,'Lớp 5 - Phân công'!$I$14:$I$262,0)),""),6,IFERROR(INDEX('Lớp 6 - Chi tiết'!$AM$14:$AM$267,MATCH($X34,'Lớp 6 - Chi tiết'!$I$14:$I$267,0)),""),""))} | BJ34: {=IF($X34="","",SWITCH($W34,3,IFERROR(INDEX('Lớp 3 - Công việc chính'!$AR$14:$AR$73,MATCH($X34,'Lớp 3 - Công việc chính'!$I$14:$I$73,0)),""),4,IFERROR(INDEX('Lớp 4 - Danh mục'!$AU$14:$AU$132,MATCH($X34,'Lớp 4 - Danh mục'!$I$14:$I$132,0)),""),5,IFERROR(INDEX('Lớp 5 - Phân công'!$AV$14:$AV$262,MATCH($X34,'Lớp 5 - Phân công'!$I$14:$I$262,0)),""),6,IFERROR(INDEX('Lớp 6 - Chi tiết'!$AY$14:$AY$267,MATCH($X34,'Lớp 6 - Chi tiết'!$I$14:$I$267,0)),""),""))} -> Thiếu tham số phân bổ
A35: =IF($T35="","",LET(p,$T35,m,MATCH(p,$AS$24:$AS$700,0),lvl,INDEX($W$24:$W$700,m),SWITCH(lvl,3,"▓▓ L3 "&p&" "&UPPER(IF(INDEX($AT$24:$AT$700,m)="","⚠ CHƯA NHẬP TÊN",INDEX($AT$24:$AT$700,m))),4," ├─ ▓ L4 "&p&" "&IF(INDEX($AU$24:$AU$700,m)="","⚠ Chưa nhập tên",INDEX($AU$24:$AU$700,m)),5," ├── ▒ L5 "&p&" "&IF(INDEX($AV$24:$AV$700,m)="","⚠ Chưa nhập tên công việc",INDEX($AV$24:$AV$700,m)),6," └─── ░ L6 "&p&" "&IF(INDEX($AW$24:$AW$700,m)="","⚠ Chưa nhập tên chi tiết",INDEX($AW$24:$AW$700,m)),""))) -> ├── ▒ L5 03.02.03 XD bảng Excel & HT phần mềm (chạy demo) MT | B35: =IF($T35="","",INDEX($AX$24:$AX$700,MATCH($T35,$AS$24:$AS$700,0))) -> Em Đại | C35: =IF($T35="","",INDEX($AY$24:$AY$700,MATCH($T35,$AS$24:$AS$700,0))) -> Dữ liệu điều hành | D35: =IF($T35="","",INDEX($AZ$24:$AZ$700,MATCH($T35,$AS$24:$AS$700,0))) -> P1 | E35: =IF($T35="","",INDEX($BA$24:$BA$700,MATCH($T35,$AS$24:$AS$700,0))) -> Chưa bắt đầu | F35: =IF($T35="","",INDEX($BB$24:$BB$700,MATCH($T35,$AS$24:$AS$700,0))) -> 0 | G35: =IF($T35="","",INDEX($BC$24:$BC$700,MATCH($T35,$AS$24:$AS$700,0))) -> 46295 | H35: =IF($T35="","",INDEX($BD$24:$BD$700,MATCH($T35,$AS$24:$AS$700,0))) -> 4 | I35: =IF($T35="","",INDEX($BF$24:$BF$700,MATCH($T35,$AS$24:$AS$700,0))) -> 24 | J35: =IF($T35="","",INDEX($BG$24:$BG$700,MATCH($T35,$AS$24:$AS$700,0))) -> 🟣 P1 trọng yếu | K35: =IF($T35="","",INDEX($BH$24:$BH$700,MATCH($T35,$AS$24:$AS$700,0))) -> Quá tải – tổng 12.0/8.0 giờ/ngày | L35: {=IF($T35="","",LET(m,MATCH($T35,$AS$24:$AS$700,0),lvl,INDEX($W$24:$W$700,m),id,INDEX($X$24:$X$700,m),SWITCH(lvl,3,"Lớp 3 - Công việc chính!A"&MATCH(id,'Lớp 3 - Công việc chính'!$I$1:$I$73,0),4,"Lớp 4 - Danh mục!A"&MATCH(id,'Lớp 4 - Danh mục'!$I$1:$I$132,0),5,"Lớp 5 - Phân công!A"&MATCH(id,'Lớp 5 - Phân công'!$I$1:$I$262,0),6,"Lớp 6 - Chi tiết!A"&MATCH(id,'Lớp 6 - Chi tiết'!$I$1:$I$267,0))))} -> Lớp 5 - Phân công!A21 | M35: =IF($T35="","",INDEX($BI$24:$BI$700,MATCH($T35,$AS$24:$AS$700,0))) -> 0.8 | N35: =IF($T35="","",INDEX($BJ$24:$BJ$700,MATCH($T35,$AS$24:$AS$700,0))) -> Thiếu 26.0 giờ/tuần | T35: =IFERROR(__xludf.DUMMYFUNCTION("""COMPUTED_VALUE"""),"03.02.03") -> 03.02.03 | U35: =IF('Lớp 3 - Công việc chính'!I25="","",'Lớp 3 - Công việc chính'!I25) -> HHL3RD09 | V35: =IF('Lớp 3 - Công việc chính'!I25="","","◆ "&'Lớp 3 - Công việc chính'!M25) -> ◆ XD phương án Market Research & Cơ chế thu thập thông tin TT | W35: =IF('Lớp 3 - Công việc chính'!I25="","",3) -> 3 | X35: ='Lớp 3 - Công việc chính'!I25 -> HHL3RD09 | Y35: =IF(X35="","","") | Z35: ='Lớp 3 - Công việc chính'!V25 -> Ms Trang | AA35: ='Lớp 3 - Công việc chính'!W25 -> R&D | AB35: ='Lớp 3 - Công việc chính'!Y25 -> P2 | AC35: ='Lớp 3 - Công việc chính'!X25 -> Đang thực hiện | AD35: ='Lớp 3 - Công việc chính'!AC25 -> 0 | AE35: ='Lớp 3 - Công việc chính'!AA25 -> 46280 | AF35: ='Lớp 3 - Công việc chính'!AD25 -> 28 | AG35: ='Lớp 3 - Công việc chính'!AE25 -> 160 | AH35: =IF(AG35="","",AG35*(1-AD35)) -> 160 | AI35: =IF(AC35="Hoàn thành","🟢 Hoàn thành",IF(AC35="Hủy","⚪ Hủy",IF(AE35="","🔵 Chưa có hạn",IF(AE35<TODAY(),"🔴 Quá hạn",IF(AE35<=TODAY()+7,"🟠 Hạn ≤7 ngày",IF(AB35="P1","🟣 P1 trọng yếu","🟢 Theo kế hoạch")))))) -> 🟢 Theo kế hoạch | AJ35: ='Lớp 3 - Công việc chính'!AH25 -> Theo dõi tải tại Lớp 4 | AL35: =IF(AK35="","",COUNTIF($Z$24:$Z$700,AK35)) | AM35: =IF(AK35="","",SUMIF($Z$24:$Z$700,AK35,$BI$24:$BI$700)) | AN35: =IF(AK35="","",AM35+ROW()/1000000) | AS35: =IF(X35="","",TEXT(COUNTIF($X$24:X35,"<>"),"00")) -> 12 | AT35: =IF(W35=3,TRIM(SUBSTITUTE(V35,"◆","")),"") -> XD phương án Market Research & Cơ chế thu thập thông tin TT | AU35: =IF(W35=4,TRIM(SUBSTITUTE(V35,"├─","")),"") | AV35: =IF(W35=5,TRIM(SUBSTITUTE(V35,"├─","")),"") | AW35: =IF(W35=6,TRIM(SUBSTITUTE(SUBSTITUTE(V35,"└─",""),"├─","")),"") | AX35: =Z35 -> Ms Trang | AY35: =AA35 -> R&D | AZ35: =AB35 -> P2 | BA35: =AC35 -> Đang thực hiện | BB35: =AD35 -> 0 | BC35: =AE35 -> 46280 | BD35: =AF35 -> 28 | BE35: =AG35 -> 160 | ... BH35: =AJ35 -> Theo dõi tải tại Lớp 4 | BI35: {=IF($X35="","",SWITCH($W35,3,IFERROR(INDEX('Lớp 3 - Công việc chính'!$AF$14:$AF$73,MATCH($X35,'Lớp 3 - Công việc chính'!$I$14:$I$73,0)),""),4,IFERROR(INDEX('Lớp 4 - Danh mục'!$AI$14:$AI$132,MATCH($X35,'Lớp 4 - Danh mục'!$I$14:$I$132,0)),""),5,IFERROR(INDEX('Lớp 5 - Phân công'!$AJ$14:$AJ$262,MATCH($X35,'Lớp 5 - Phân công'!$I$14:$I$262,0)),""),6,IFERROR(INDEX('Lớp 6 - Chi tiết'!$AM$14:$AM$267,MATCH($X35,'Lớp 6 - Chi tiết'!$I$14:$I$267,0)),""),""))} | BJ35: {=IF($X35="","",SWITCH($W35,3,IFERROR(INDEX('Lớp 3 - Công việc chính'!$AR$14:$AR$73,MATCH($X35,'Lớp 3 - Công việc chính'!$I$14:$I$73,0)),""),4,IFERROR(INDEX('Lớp 4 - Danh mục'!$AU$14:$AU$132,MATCH($X35,'Lớp 4 - Danh mục'!$I$14:$I$132,0)),""),5,IFERROR(INDEX('Lớp 5 - Phân công'!$AV$14:$AV$262,MATCH($X35,'Lớp 5 - Phân công'!$I$14:$I$262,0)),""),6,IFERROR(INDEX('Lớp 6 - Chi tiết'!$AY$14:$AY$267,MATCH($X35,'Lớp 6 - Chi tiết'!$I$14:$I$267,0)),""),""))} -> Theo dõi phân bổ tại Lớp 4
A36: =IF($T36="","",LET(p,$T36,m,MATCH(p,$AS$24:$AS$700,0),lvl,INDEX($W$24:$W$700,m),SWITCH(lvl,3,"▓▓ L3 "&p&" "&UPPER(IF(INDEX($AT$24:$AT$700,m)="","⚠ CHƯA NHẬP TÊN",INDEX($AT$24:$AT$700,m))),4," ├─ ▓ L4 "&p&" "&IF(INDEX($AU$24:$AU$700,m)="","⚠ Chưa nhập tên",INDEX($AU$24:$AU$700,m)),5," ├── ▒ L5 "&p&" "&IF(INDEX($AV$24:$AV$700,m)="","⚠ Chưa nhập tên công việc",INDEX($AV$24:$AV$700,m)),6," └─── ░ L6 "&p&" "&IF(INDEX($AW$24:$AW$700,m)="","⚠ Chưa nhập tên chi tiết",INDEX($AW$24:$AW$700,m)),""))) -> ├── ▒ L5 03.02.04 Chạy tham số Topdown MT | B36: =IF($T36="","",INDEX($AX$24:$AX$700,MATCH($T36,$AS$24:$AS$700,0))) -> Em Đại | C36: =IF($T36="","",INDEX($AY$24:$AY$700,MATCH($T36,$AS$24:$AS$700,0))) -> Dữ liệu điều hành | D36: =IF($T36="","",INDEX($AZ$24:$AZ$700,MATCH($T36,$AS$24:$AS$700,0))) -> P1 | E36: =IF($T36="","",INDEX($BA$24:$BA$700,MATCH($T36,$AS$24:$AS$700,0))) -> Đã lên lịch | F36: =IF($T36="","",INDEX($BB$24:$BB$700,MATCH($T36,$AS$24:$AS$700,0))) | G36: =IF($T36="","",INDEX($BC$24:$BC$700,MATCH($T36,$AS$24:$AS$700,0))) -> 46297 | H36: =IF($T36="","",INDEX($BD$24:$BD$700,MATCH($T36,$AS$24:$AS$700,0))) -> 2 | I36: =IF($T36="","",INDEX($BF$24:$BF$700,MATCH($T36,$AS$24:$AS$700,0))) -> 16 | J36: =IF($T36="","",INDEX($BG$24:$BG$700,MATCH($T36,$AS$24:$AS$700,0))) -> 🟣 P1 trọng yếu | K36: =IF($T36="","",INDEX($BH$24:$BH$700,MATCH($T36,$AS$24:$AS$700,0))) -> Quá tải – tổng 12.0/8.0 giờ/ngày | L36: {=IF($T36="","",LET(m,MATCH($T36,$AS$24:$AS$700,0),lvl,INDEX($W$24:$W$700,m),id,INDEX($X$24:$X$700,m),SWITCH(lvl,3,"Lớp 3 - Công việc chính!A"&MATCH(id,'Lớp 3 - Công việc chính'!$I$1:$I$73,0),4,"Lớp 4 - Danh mục!A"&MATCH(id,'Lớp 4 - Danh mục'!$I$1:$I$132,0),5,"Lớp 5 - Phân công!A"&MATCH(id,'Lớp 5 - Phân công'!$I$1:$I$262,0),6,"Lớp 6 - Chi tiết!A"&MATCH(id,'Lớp 6 - Chi tiết'!$I$1:$I$267,0))))} -> Lớp 5 - Phân công!A22 | M36: =IF($T36="","",INDEX($BI$24:$BI$700,MATCH($T36,$AS$24:$AS$700,0))) -> 0.8 | N36: =IF($T36="","",INDEX($BJ$24:$BJ$700,MATCH($T36,$AS$24:$AS$700,0))) -> Thiếu 36.0 giờ/tuần | T36: =IFERROR(__xludf.DUMMYFUNCTION("""COMPUTED_VALUE"""),"03.02.04") -> 03.02.04 | U36: =IF('Lớp 3 - Công việc chính'!I26="","",'Lớp 3 - Công việc chính'!I26) -> HHL3RD10 | V36: =IF('Lớp 3 - Công việc chính'!I26="","","◆ "&'Lớp 3 - Công việc chính'!M26) -> ◆ Việc phát sinh khác chưa có phân loại | W36: =IF('Lớp 3 - Công việc chính'!I26="","",3) -> 3 | X36: ='Lớp 3 - Công việc chính'!I26 -> HHL3RD10 | Y36: =IF(X36="","","") | Z36: ='Lớp 3 - Công việc chính'!V26 -> Ms Trang | AA36: ='Lớp 3 - Công việc chính'!W26 -> R&D | AB36: ='Lớp 3 - Công việc chính'!Y26 -> P3 | AC36: ='Lớp 3 - Công việc chính'!X26 -> Đang thực hiện | AD36: ='Lớp 3 - Công việc chính'!AC26 | AE36: ='Lớp 3 - Công việc chính'!AA26 -> 46387 | AF36: ='Lớp 3 - Công việc chính'!AD26 -> 120 | AG36: ='Lớp 3 - Công việc chính'!AE26 -> 96 | AH36: =IF(AG36="","",AG36*(1-AD36)) -> 96 | AI36: =IF(AC36="Hoàn thành","🟢 Hoàn thành",IF(AC36="Hủy","⚪ Hủy",IF(AE36="","🔵 Chưa có hạn",IF(AE36<TODAY(),"🔴 Quá hạn",IF(AE36<=TODAY()+7,"🟠 Hạn ≤7 ngày",IF(AB36="P1","🟣 P1 trọng yếu","🟢 Theo kế hoạch")))))) -> 🟢 Theo kế hoạch | AJ36: ='Lớp 3 - Công việc chính'!AH26 -> Thiếu tham số phân bổ | AL36: =IF(AK36="","",COUNTIF($Z$24:$Z$700,AK36)) | AM36: =IF(AK36="","",SUMIF($Z$24:$Z$700,AK36,$BI$24:$BI$700)) | AN36: =IF(AK36="","",AM36+ROW()/1000000) | AS36: =IF(X36="","",TEXT(COUNTIF($X$24:X36,"<>"),"00")) -> 13 | AT36: =IF(W36=3,TRIM(SUBSTITUTE(V36,"◆","")),"") -> Việc phát sinh khác chưa có phân loại | AU36: =IF(W36=4,TRIM(SUBSTITUTE(V36,"├─","")),"") | AV36: =IF(W36=5,TRIM(SUBSTITUTE(V36,"├─","")),"") | AW36: =IF(W36=6,TRIM(SUBSTITUTE(SUBSTITUTE(V36,"└─",""),"├─","")),"") | AX36: =Z36 -> Ms Trang | AY36: =AA36 -> R&D | AZ36: =AB36 -> P3 | BA36: =AC36 -> Đang thực hiện | BB36: =AD36 | BC36: =AE36 -> 46387 | BD36: =AF36 -> 120 | BE36: =AG36 -> 96 | ... BH36: =AJ36 -> Thiếu tham số phân bổ | BI36: {=IF($X36="","",SWITCH($W36,3,IFERROR(INDEX('Lớp 3 - Công việc chính'!$AF$14:$AF$73,MATCH($X36,'Lớp 3 - Công việc chính'!$I$14:$I$73,0)),""),4,IFERROR(INDEX('Lớp 4 - Danh mục'!$AI$14:$AI$132,MATCH($X36,'Lớp 4 - Danh mục'!$I$14:$I$132,0)),""),5,IFERROR(INDEX('Lớp 5 - Phân công'!$AJ$14:$AJ$262,MATCH($X36,'Lớp 5 - Phân công'!$I$14:$I$262,0)),""),6,IFERROR(INDEX('Lớp 6 - Chi tiết'!$AM$14:$AM$267,MATCH($X36,'Lớp 6 - Chi tiết'!$I$14:$I$267,0)),""),""))} | BJ36: {=IF($X36="","",SWITCH($W36,3,IFERROR(INDEX('Lớp 3 - Công việc chính'!$AR$14:$AR$73,MATCH($X36,'Lớp 3 - Công việc chính'!$I$14:$I$73,0)),""),4,IFERROR(INDEX('Lớp 4 - Danh mục'!$AU$14:$AU$132,MATCH($X36,'Lớp 4 - Danh mục'!$I$14:$I$132,0)),""),5,IFERROR(INDEX('Lớp 5 - Phân công'!$AV$14:$AV$262,MATCH($X36,'Lớp 5 - Phân công'!$I$14:$I$262,0)),""),6,IFERROR(INDEX('Lớp 6 - Chi tiết'!$AY$14:$AY$267,MATCH($X36,'Lớp 6 - Chi tiết'!$I$14:$I$267,0)),""),""))} -> Thiếu tham số phân bổ
A37: =IF($T37="","",LET(p,$T37,m,MATCH(p,$AS$24:$AS$700,0),lvl,INDEX($W$24:$W$700,m),SWITCH(lvl,3,"▓▓ L3 "&p&" "&UPPER(IF(INDEX($AT$24:$AT$700,m)="","⚠ CHƯA NHẬP TÊN",INDEX($AT$24:$AT$700,m))),4," ├─ ▓ L4 "&p&" "&IF(INDEX($AU$24:$AU$700,m)="","⚠ Chưa nhập tên",INDEX($AU$24:$AU$700,m)),5," ├── ▒ L5 "&p&" "&IF(INDEX($AV$24:$AV$700,m)="","⚠ Chưa nhập tên công việc",INDEX($AV$24:$AV$700,m)),6," └─── ░ L6 "&p&" "&IF(INDEX($AW$24:$AW$700,m)="","⚠ Chưa nhập tên chi tiết",INDEX($AW$24:$AW$700,m)),""))) -> ├── ▒ L5 03.02.05 Chạy tham số Bottom-up MT | B37: =IF($T37="","",INDEX($AX$24:$AX$700,MATCH($T37,$AS$24:$AS$700,0))) -> Em Đại | C37: =IF($T37="","",INDEX($AY$24:$AY$700,MATCH($T37,$AS$24:$AS$700,0))) -> Dữ liệu điều hành | D37: =IF($T37="","",INDEX($AZ$24:$AZ$700,MATCH($T37,$AS$24:$AS$700,0))) -> P1 | E37: =IF($T37="","",INDEX($BA$24:$BA$700,MATCH($T37,$AS$24:$AS$700,0))) -> Đã lên lịch | F37: =IF($T37="","",INDEX($BB$24:$BB$700,MATCH($T37,$AS$24:$AS$700,0))) | G37: =IF($T37="","",INDEX($BC$24:$BC$700,MATCH($T37,$AS$24:$AS$700,0))) -> 46310 | H37: =IF($T37="","",INDEX($BD$24:$BD$700,MATCH($T37,$AS$24:$AS$700,0))) -> 11 | I37: =IF($T37="","",INDEX($BF$24:$BF$700,MATCH($T37,$AS$24:$AS$700,0))) -> 16 | J37: =IF($T37="","",INDEX($BG$24:$BG$700,MATCH($T37,$AS$24:$AS$700,0))) -> 🟣 P1 trọng yếu | K37: =IF($T37="","",INDEX($BH$24:$BH$700,MATCH($T37,$AS$24:$AS$700,0))) -> Quá tải – tổng 24.0/8.0 giờ/ngày | L37: {=IF($T37="","",LET(m,MATCH($T37,$AS$24:$AS$700,0),lvl,INDEX($W$24:$W$700,m),id,INDEX($X$24:$X$700,m),SWITCH(lvl,3,"Lớp 3 - Công việc chính!A"&MATCH(id,'Lớp 3 - Công việc chính'!$I$1:$I$73,0),4,"Lớp 4 - Danh mục!A"&MATCH(id,'Lớp 4 - Danh mục'!$I$1:$I$132,0),5,"Lớp 5 - Phân công!A"&MATCH(id,'Lớp 5 - Phân công'!$I$1:$I$262,0),6,"Lớp 6 - Chi tiết!A"&MATCH(id,'Lớp 6 - Chi tiết'!$I$1:$I$267,0))))} -> Lớp 5 - Phân công!A23 | M37: =IF($T37="","",INDEX($BI$24:$BI$700,MATCH($T37,$AS$24:$AS$700,0))) -> 0.8 | N37: =IF($T37="","",INDEX($BJ$24:$BJ$700,MATCH($T37,$AS$24:$AS$700,0))) -> Thiếu 3.3 giờ/tuần | T37: =IFERROR(__xludf.DUMMYFUNCTION("""COMPUTED_VALUE"""),"03.02.05") -> 03.02.05 | U37: =IF('Lớp 3 - Công việc chính'!I27="","",'Lớp 3 - Công việc chính'!I27) -> HHL3RD11 | V37: =IF('Lớp 3 - Công việc chính'!I27="","","◆ "&'Lớp 3 - Công việc chính'!M27) -> ◆ Xác định & thông qua Xu hướng TK mới 2027 | W37: =IF('Lớp 3 - Công việc chính'!I27="","",3) -> 3 | X37: ='Lớp 3 - Công việc chính'!I27 -> HHL3RD11 | Y37: =IF(X37="","","") | Z37: ='Lớp 3 - Công việc chính'!V27 -> Ms Trang | AA37: ='Lớp 3 - Công việc chính'!W27 -> R&D | AB37: ='Lớp 3 - Công việc chính'!Y27 -> P2 | AC37: ='Lớp 3 - Công việc chính'!X27 -> Đang thực hiện | AD37: ='Lớp 3 - Công việc chính'!AC27 -> 0 | AE37: ='Lớp 3 - Công việc chính'!AA27 -> 46252 | AF37: ='Lớp 3 - Công việc chính'!AD27 -> 6 | AG37: ='Lớp 3 - Công việc chính'!AE27 -> 80 | AH37: =IF(AG37="","",AG37*(1-AD37)) -> 80 | AI37: =IF(AC37="Hoàn thành","🟢 Hoàn thành",IF(AC37="Hủy","⚪ Hủy",IF(AE37="","🔵 Chưa có hạn",IF(AE37<TODAY(),"🔴 Quá hạn",IF(AE37<=TODAY()+7,"🟠 Hạn ≤7 ngày",IF(AB37="P1","🟣 P1 trọng yếu","🟢 Theo kế hoạch")))))) -> 🟠 Hạn ≤7 ngày | AJ37: ='Lớp 3 - Công việc chính'!AH27 -> Thiếu tham số phân bổ | AL37: =IF(AK37="","",COUNTIF($Z$24:$Z$700,AK37)) | AM37: =IF(AK37="","",SUMIF($Z$24:$Z$700,AK37,$BI$24:$BI$700)) | AN37: =IF(AK37="","",AM37+ROW()/1000000) | AS37: =IF(X37="","",TEXT(COUNTIF($X$24:X37,"<>"),"00")) -> 14 | AT37: =IF(W37=3,TRIM(SUBSTITUTE(V37,"◆","")),"") -> Xác định & thông qua Xu hướng TK mới 2027 | AU37: =IF(W37=4,TRIM(SUBSTITUTE(V37,"├─","")),"") | AV37: =IF(W37=5,TRIM(SUBSTITUTE(V37,"├─","")),"") | AW37: =IF(W37=6,TRIM(SUBSTITUTE(SUBSTITUTE(V37,"└─",""),"├─","")),"") | AX37: =Z37 -> Ms Trang | AY37: =AA37 -> R&D | AZ37: =AB37 -> P2 | BA37: =AC37 -> Đang thực hiện | BB37: =AD37 -> 0 | BC37: =AE37 -> 46252 | BD37: =AF37 -> 6 | BE37: =AG37 -> 80 | ... BH37: =AJ37 -> Thiếu tham số phân bổ | BI37: {=IF($X37="","",SWITCH($W37,3,IFERROR(INDEX('Lớp 3 - Công việc chính'!$AF$14:$AF$73,MATCH($X37,'Lớp 3 - Công việc chính'!$I$14:$I$73,0)),""),4,IFERROR(INDEX('Lớp 4 - Danh mục'!$AI$14:$AI$132,MATCH($X37,'Lớp 4 - Danh mục'!$I$14:$I$132,0)),""),5,IFERROR(INDEX('Lớp 5 - Phân công'!$AJ$14:$AJ$262,MATCH($X37,'Lớp 5 - Phân công'!$I$14:$I$262,0)),""),6,IFERROR(INDEX('Lớp 6 - Chi tiết'!$AM$14:$AM$267,MATCH($X37,'Lớp 6 - Chi tiết'!$I$14:$I$267,0)),""),""))} | BJ37: {=IF($X37="","",SWITCH($W37,3,IFERROR(INDEX('Lớp 3 - Công việc chính'!$AR$14:$AR$73,MATCH($X37,'Lớp 3 - Công việc chính'!$I$14:$I$73,0)),""),4,IFERROR(INDEX('Lớp 4 - Danh mục'!$AU$14:$AU$132,MATCH($X37,'Lớp 4 - Danh mục'!$I$14:$I$132,0)),""),5,IFERROR(INDEX('Lớp 5 - Phân công'!$AV$14:$AV$262,MATCH($X37,'Lớp 5 - Phân công'!$I$14:$I$262,0)),""),6,IFERROR(INDEX('Lớp 6 - Chi tiết'!$AY$14:$AY$267,MATCH($X37,'Lớp 6 - Chi tiết'!$I$14:$I$267,0)),""),""))} -> Thiếu tham số phân bổ
A38: =IF($T38="","",LET(p,$T38,m,MATCH(p,$AS$24:$AS$700,0),lvl,INDEX($W$24:$W$700,m),SWITCH(lvl,3,"▓▓ L3 "&p&" "&UPPER(IF(INDEX($AT$24:$AT$700,m)="","⚠ CHƯA NHẬP TÊN",INDEX($AT$24:$AT$700,m))),4," ├─ ▓ L4 "&p&" "&IF(INDEX($AU$24:$AU$700,m)="","⚠ Chưa nhập tên",INDEX($AU$24:$AU$700,m)),5," ├── ▒ L5 "&p&" "&IF(INDEX($AV$24:$AV$700,m)="","⚠ Chưa nhập tên công việc",INDEX($AV$24:$AV$700,m)),6," └─── ░ L6 "&p&" "&IF(INDEX($AW$24:$AW$700,m)="","⚠ Chưa nhập tên chi tiết",INDEX($AW$24:$AW$700,m)),""))) -> ├─ ▓ L4 03.03 Xây dựng công thức & tạo HT tham số cho KH B2B | B38: =IF($T38="","",INDEX($AX$24:$AX$700,MATCH($T38,$AS$24:$AS$700,0))) -> Em Đại | C38: =IF($T38="","",INDEX($AY$24:$AY$700,MATCH($T38,$AS$24:$AS$700,0))) -> Dữ liệu điều hành | D38: =IF($T38="","",INDEX($AZ$24:$AZ$700,MATCH($T38,$AS$24:$AS$700,0))) -> P1 | E38: =IF($T38="","",INDEX($BA$24:$BA$700,MATCH($T38,$AS$24:$AS$700,0))) -> Chưa bắt đầu | F38: =IF($T38="","",INDEX($BB$24:$BB$700,MATCH($T38,$AS$24:$AS$700,0))) -> 0 | G38: =IF($T38="","",INDEX($BC$24:$BC$700,MATCH($T38,$AS$24:$AS$700,0))) -> 46320 | H38: =IF($T38="","",INDEX($BD$24:$BD$700,MATCH($T38,$AS$24:$AS$700,0))) -> 62 | I38: =IF($T38="","",INDEX($BF$24:$BF$700,MATCH($T38,$AS$24:$AS$700,0))) -> 80 | J38: =IF($T38="","",INDEX($BG$24:$BG$700,MATCH($T38,$AS$24:$AS$700,0))) -> 🟣 P1 trọng yếu | K38: =IF($T38="","",INDEX($BH$24:$BH$700,MATCH($T38,$AS$24:$AS$700,0))) -> Theo dõi tải tại Lớp 5 | L38: {=IF($T38="","",LET(m,MATCH($T38,$AS$24:$AS$700,0),lvl,INDEX($W$24:$W$700,m),id,INDEX($X$24:$X$700,m),SWITCH(lvl,3,"Lớp 3 - Công việc chính!A"&MATCH(id,'Lớp 3 - Công việc chính'!$I$1:$I$73,0),4,"Lớp 4 - Danh mục!A"&MATCH(id,'Lớp 4 - Danh mục'!$I$1:$I$132,0),5,"Lớp 5 - Phân công!A"&MATCH(id,'Lớp 5 - Phân công'!$I$1:$I$262,0),6,"Lớp 6 - Chi tiết!A"&MATCH(id,'Lớp 6 - Chi tiết'!$I$1:$I$267,0))))} -> Lớp 4 - Danh mục!A16 | M38: =IF($T38="","",INDEX($BI$24:$BI$700,MATCH($T38,$AS$24:$AS$700,0))) | N38: =IF($T38="","",INDEX($BJ$24:$BJ$700,MATCH($T38,$AS$24:$AS$700,0))) -> Theo dõi phân bổ tại Lớp 5 | T38: =IFERROR(__xludf.DUMMYFUNCTION("""COMPUTED_VALUE"""),"03.03") -> 03.03 | U38: =IF('Lớp 3 - Công việc chính'!I28="","",'Lớp 3 - Công việc chính'!I28) -> HHL3RD12 | V38: =IF('Lớp 3 - Công việc chính'!I28="","","◆ "&'Lớp 3 - Công việc chính'!M28) -> ◆ Xây dựng quy trình và hệ thống quản trị sản phẩm theo phân loại | W38: =IF('Lớp 3 - Công việc chính'!I28="","",3) -> 3 | X38: ='Lớp 3 - Công việc chính'!I28 -> HHL3RD12 | Y38: =IF(X38="","","") | Z38: ='Lớp 3 - Công việc chính'!V28 -> Ms Trang | AA38: ='Lớp 3 - Công việc chính'!W28 -> R&D | AB38: ='Lớp 3 - Công việc chính'!Y28 -> P2 | AC38: ='Lớp 3 - Công việc chính'!X28 -> Đang thực hiện | AD38: ='Lớp 3 - Công việc chính'!AC28 -> 0 | AE38: ='Lớp 3 - Công việc chính'!AA28 -> 46387 | AF38: ='Lớp 3 - Công việc chính'!AD28 -> 120 | AG38: ='Lớp 3 - Công việc chính'!AE28 -> 280 | AH38: =IF(AG38="","",AG38*(1-AD38)) -> 280 | AI38: =IF(AC38="Hoàn thành","🟢 Hoàn thành",IF(AC38="Hủy","⚪ Hủy",IF(AE38="","🔵 Chưa có hạn",IF(AE38<TODAY(),"🔴 Quá hạn",IF(AE38<=TODAY()+7,"🟠 Hạn ≤7 ngày",IF(AB38="P1","🟣 P1 trọng yếu","🟢 Theo kế hoạch")))))) -> 🟢 Theo kế hoạch | AJ38: ='Lớp 3 - Công việc chính'!AH28 -> Theo dõi tải tại Lớp 4 | AL38: =IF(AK38="","",COUNTIF($Z$24:$Z$700,AK38)) | AM38: =IF(AK38="","",SUMIF($Z$24:$Z$700,AK38,$BI$24:$BI$700)) | AN38: =IF(AK38="","",AM38+ROW()/1000000) | AS38: =IF(X38="","",TEXT(COUNTIF($X$24:X38,"<>"),"00")) -> 15 | AT38: =IF(W38=3,TRIM(SUBSTITUTE(V38,"◆","")),"") -> Xây dựng quy trình và hệ thống quản trị sản phẩm theo phân loại | AU38: =IF(W38=4,TRIM(SUBSTITUTE(V38,"├─","")),"") | AV38: =IF(W38=5,TRIM(SUBSTITUTE(V38,"├─","")),"") | AW38: =IF(W38=6,TRIM(SUBSTITUTE(SUBSTITUTE(V38,"└─",""),"├─","")),"") | AX38: =Z38 -> Ms Trang | AY38: =AA38 -> R&D | AZ38: =AB38 -> P2 | BA38: =AC38 -> Đang thực hiện | BB38: =AD38 -> 0 | BC38: =AE38 -> 46387 | BD38: =AF38 -> 120 | BE38: =AG38 -> 280 | ... BH38: =AJ38 -> Theo dõi tải tại Lớp 4 | BI38: {=IF($X38="","",SWITCH($W38,3,IFERROR(INDEX('Lớp 3 - Công việc chính'!$AF$14:$AF$73,MATCH($X38,'Lớp 3 - Công việc chính'!$I$14:$I$73,0)),""),4,IFERROR(INDEX('Lớp 4 - Danh mục'!$AI$14:$AI$132,MATCH($X38,'Lớp 4 - Danh mục'!$I$14:$I$132,0)),""),5,IFERROR(INDEX('Lớp 5 - Phân công'!$AJ$14:$AJ$262,MATCH($X38,'Lớp 5 - Phân công'!$I$14:$I$262,0)),""),6,IFERROR(INDEX('Lớp 6 - Chi tiết'!$AM$14:$AM$267,MATCH($X38,'Lớp 6 - Chi tiết'!$I$14:$I$267,0)),""),""))} | BJ38: {=IF($X38="","",SWITCH($W38,3,IFERROR(INDEX('Lớp 3 - Công việc chính'!$AR$14:$AR$73,MATCH($X38,'Lớp 3 - Công việc chính'!$I$14:$I$73,0)),""),4,IFERROR(INDEX('Lớp 4 - Danh mục'!$AU$14:$AU$132,MATCH($X38,'Lớp 4 - Danh mục'!$I$14:$I$132,0)),""),5,IFERROR(INDEX('Lớp 5 - Phân công'!$AV$14:$AV$262,MATCH($X38,'Lớp 5 - Phân công'!$I$14:$I$262,0)),""),6,IFERROR(INDEX('Lớp 6 - Chi tiết'!$AY$14:$AY$267,MATCH($X38,'Lớp 6 - Chi tiết'!$I$14:$I$267,0)),""),""))} -> Theo dõi phân bổ tại Lớp 4
A39: =IF($T39="","",LET(p,$T39,m,MATCH(p,$AS$24:$AS$700,0),lvl,INDEX($W$24:$W$700,m),SWITCH(lvl,3,"▓▓ L3 "&p&" "&UPPER(IF(INDEX($AT$24:$AT$700,m)="","⚠ CHƯA NHẬP TÊN",INDEX($AT$24:$AT$700,m))),4," ├─ ▓ L4 "&p&" "&IF(INDEX($AU$24:$AU$700,m)="","⚠ Chưa nhập tên",INDEX($AU$24:$AU$700,m)),5," ├── ▒ L5 "&p&" "&IF(INDEX($AV$24:$AV$700,m)="","⚠ Chưa nhập tên công việc",INDEX($AV$24:$AV$700,m)),6," └─── ░ L6 "&p&" "&IF(INDEX($AW$24:$AW$700,m)="","⚠ Chưa nhập tên chi tiết",INDEX($AW$24:$AW$700,m)),""))) -> ├── ▒ L5 03.03.01 XD & phản biện công thức (nội bộ) B2B | B39: =IF($T39="","",INDEX($AX$24:$AX$700,MATCH($T39,$AS$24:$AS$700,0))) -> Em Đại | C39: =IF($T39="","",INDEX($AY$24:$AY$700,MATCH($T39,$AS$24:$AS$700,0))) -> Dữ liệu điều hành | D39: =IF($T39="","",INDEX($AZ$24:$AZ$700,MATCH($T39,$AS$24:$AS$700,0))) -> P2 | E39: =IF($T39="","",INDEX($BA$24:$BA$700,MATCH($T39,$AS$24:$AS$700,0))) -> Chưa bắt đầu | F39: =IF($T39="","",INDEX($BB$24:$BB$700,MATCH($T39,$AS$24:$AS$700,0))) -> 0 | G39: =IF($T39="","",INDEX($BC$24:$BC$700,MATCH($T39,$AS$24:$AS$700,0))) -> 46300 | H39: =IF($T39="","",INDEX($BD$24:$BD$700,MATCH($T39,$AS$24:$AS$700,0))) -> 9 | I39: =IF($T39="","",INDEX($BF$24:$BF$700,MATCH($T39,$AS$24:$AS$700,0))) -> 16 | J39: =IF($T39="","",INDEX($BG$24:$BG$700,MATCH($T39,$AS$24:$AS$700,0))) -> 🟢 Theo kế hoạch | K39: =IF($T39="","",INDEX($BH$24:$BH$700,MATCH($T39,$AS$24:$AS$700,0))) -> Quá tải – tổng 15.2/8.0 giờ/ngày | L39: {=IF($T39="","",LET(m,MATCH($T39,$AS$24:$AS$700,0),lvl,INDEX($W$24:$W$700,m),id,INDEX($X$24:$X$700,m),SWITCH(lvl,3,"Lớp 3 - Công việc chính!A"&MATCH(id,'Lớp 3 - Công việc chính'!$I$1:$I$73,0),4,"Lớp 4 - Danh mục!A"&MATCH(id,'Lớp 4 - Danh mục'!$I$1:$I$132,0),5,"Lớp 5 - Phân công!A"&MATCH(id,'Lớp 5 - Phân công'!$I$1:$I$262,0),6,"Lớp 6 - Chi tiết!A"&MATCH(id,'Lớp 6 - Chi tiết'!$I$1:$I$267,0))))} -> Lớp 5 - Phân công!A24 | M39: =IF($T39="","",INDEX($BI$24:$BI$700,MATCH($T39,$AS$24:$AS$700,0))) -> 0.8 | N39: =IF($T39="","",INDEX($BJ$24:$BJ$700,MATCH($T39,$AS$24:$AS$700,0))) -> Thiếu 4.9 giờ/tuần | T39: =IFERROR(__xludf.DUMMYFUNCTION("""COMPUTED_VALUE"""),"03.03.01") -> 03.03.01 | U39: =IF('Lớp 3 - Công việc chính'!I29="","",'Lớp 3 - Công việc chính'!I29) -> #REF! | V39: =IF('Lớp 3 - Công việc chính'!I29="","","◆ "&'Lớp 3 - Công việc chính'!M29) -> #REF! | W39: =IF('Lớp 3 - Công việc chính'!I29="","",3) -> #REF! | X39: ='Lớp 3 - Công việc chính'!I29 -> #REF! | Y39: =IF(X39="","","") -> #REF! | Z39: ='Lớp 3 - Công việc chính'!V29 -> #REF! | AA39: ='Lớp 3 - Công việc chính'!W29 -> #REF! | AB39: ='Lớp 3 - Công việc chính'!Y29 -> #REF! | AC39: ='Lớp 3 - Công việc chính'!X29 -> #REF! | AD39: ='Lớp 3 - Công việc chính'!AC29 -> #REF! | AE39: ='Lớp 3 - Công việc chính'!AA29 -> #REF! | AF39: ='Lớp 3 - Công việc chính'!AD29 -> #REF! | AG39: ='Lớp 3 - Công việc chính'!AE29 -> #REF! | AH39: =IF(AG39="","",AG39*(1-AD39)) -> #REF! | AI39: =IF(AC39="Hoàn thành","🟢 Hoàn thành",IF(AC39="Hủy","⚪ Hủy",IF(AE39="","🔵 Chưa có hạn",IF(AE39<TODAY(),"🔴 Quá hạn",IF(AE39<=TODAY()+7,"🟠 Hạn ≤7 ngày",IF(AB39="P1","🟣 P1 trọng yếu","🟢 Theo kế hoạch")))))) -> #REF! | AJ39: ='Lớp 3 - Công việc chính'!AH29 -> #REF! | AL39: =IF(AK39="","",COUNTIF($Z$24:$Z$700,AK39)) | AM39: =IF(AK39="","",SUMIF($Z$24:$Z$700,AK39,$BI$24:$BI$700)) | AN39: =IF(AK39="","",AM39+ROW()/1000000) | AS39: =IF(X39="","",TEXT(COUNTIF($X$24:X39,"<>"),"00")) -> #REF! | AT39: =IF(W39=3,TRIM(SUBSTITUTE(V39,"◆","")),"") -> #REF! | AU39: =IF(W39=4,TRIM(SUBSTITUTE(V39,"├─","")),"") -> #REF! | AV39: =IF(W39=5,TRIM(SUBSTITUTE(V39,"├─","")),"") -> #REF! | AW39: =IF(W39=6,TRIM(SUBSTITUTE(SUBSTITUTE(V39,"└─",""),"├─","")),"") -> #REF! | AX39: =Z39 -> #REF! | AY39: =AA39 -> #REF! | AZ39: =AB39 -> #REF! | BA39: =AC39 -> #REF! | BB39: =AD39 -> #REF! | BC39: =AE39 -> #REF! | BD39: =AF39 -> #REF! | BE39: =AG39 -> #REF! | ... BH39: =AJ39 -> #REF! | BI39: {=IF($X39="","",SWITCH($W39,3,IFERROR(INDEX('Lớp 3 - Công việc chính'!$AF$14:$AF$73,MATCH($X39,'Lớp 3 - Công việc chính'!$I$14:$I$73,0)),""),4,IFERROR(INDEX('Lớp 4 - Danh mục'!$AI$14:$AI$132,MATCH($X39,'Lớp 4 - Danh mục'!$I$14:$I$132,0)),""),5,IFERROR(INDEX('Lớp 5 - Phân công'!$AJ$14:$AJ$262,MATCH($X39,'Lớp 5 - Phân công'!$I$14:$I$262,0)),""),6,IFERROR(INDEX('Lớp 6 - Chi tiết'!$AM$14:$AM$267,MATCH($X39,'Lớp 6 - Chi tiết'!$I$14:$I$267,0)),""),""))} -> #REF! | BJ39: {=IF($X39="","",SWITCH($W39,3,IFERROR(INDEX('Lớp 3 - Công việc chính'!$AR$14:$AR$73,MATCH($X39,'Lớp 3 - Công việc chính'!$I$14:$I$73,0)),""),4,IFERROR(INDEX('Lớp 4 - Danh mục'!$AU$14:$AU$132,MATCH($X39,'Lớp 4 - Danh mục'!$I$14:$I$132,0)),""),5,IFERROR(INDEX('Lớp 5 - Phân công'!$AV$14:$AV$262,MATCH($X39,'Lớp 5 - Phân công'!$I$14:$I$262,0)),""),6,IFERROR(INDEX('Lớp 6 - Chi tiết'!$AY$14:$AY$267,MATCH($X39,'Lớp 6 - Chi tiết'!$I$14:$I$267,0)),""),""))} -> #REF!
A40: =IF($T40="","",LET(p,$T40,m,MATCH(p,$AS$24:$AS$700,0),lvl,INDEX($W$24:$W$700,m),SWITCH(lvl,3,"▓▓ L3 "&p&" "&UPPER(IF(INDEX($AT$24:$AT$700,m)="","⚠ CHƯA NHẬP TÊN",INDEX($AT$24:$AT$700,m))),4," ├─ ▓ L4 "&p&" "&IF(INDEX($AU$24:$AU$700,m)="","⚠ Chưa nhập tên",INDEX($AU$24:$AU$700,m)),5," ├── ▒ L5 "&p&" "&IF(INDEX($AV$24:$AV$700,m)="","⚠ Chưa nhập tên công việc",INDEX($AV$24:$AV$700,m)),6," └─── ░ L6 "&p&" "&IF(INDEX($AW$24:$AW$700,m)="","⚠ Chưa nhập tên chi tiết",INDEX($AW$24:$AW$700,m)),""))) -> ├── ▒ L5 03.03.02 Phản biện với TGĐ & liên PB B2B | B40: =IF($T40="","",INDEX($AX$24:$AX$700,MATCH($T40,$AS$24:$AS$700,0))) -> Em Đại | C40: =IF($T40="","",INDEX($AY$24:$AY$700,MATCH($T40,$AS$24:$AS$700,0))) -> Dữ liệu điều hành | D40: =IF($T40="","",INDEX($AZ$24:$AZ$700,MATCH($T40,$AS$24:$AS$700,0))) -> P2 | E40: =IF($T40="","",INDEX($BA$24:$BA$700,MATCH($T40,$AS$24:$AS$700,0))) -> Chưa bắt đầu | F40: =IF($T40="","",INDEX($BB$24:$BB$700,MATCH($T40,$AS$24:$AS$700,0))) -> 0 | G40: =IF($T40="","",INDEX($BC$24:$BC$700,MATCH($T40,$AS$24:$AS$700,0))) -> 46310 | H40: =IF($T40="","",INDEX($BD$24:$BD$700,MATCH($T40,$AS$24:$AS$700,0))) -> 9 | I40: =IF($T40="","",INDEX($BF$24:$BF$700,MATCH($T40,$AS$24:$AS$700,0))) -> 8 | J40: =IF($T40="","",INDEX($BG$24:$BG$700,MATCH($T40,$AS$24:$AS$700,0))) -> 🟢 Theo kế hoạch | K40: =IF($T40="","",INDEX($BH$24:$BH$700,MATCH($T40,$AS$24:$AS$700,0))) -> Quá tải – tổng 20.0/8.0 giờ/ngày | L40: {=IF($T40="","",LET(m,MATCH($T40,$AS$24:$AS$700,0),lvl,INDEX($W$24:$W$700,m),id,INDEX($X$24:$X$700,m),SWITCH(lvl,3,"Lớp 3 - Công việc chính!A"&MATCH(id,'Lớp 3 - Công việc chính'!$I$1:$I$73,0),4,"Lớp 4 - Danh mục!A"&MATCH(id,'Lớp 4 - Danh mục'!$I$1:$I$132,0),5,"Lớp 5 - Phân công!A"&MATCH(id,'Lớp 5 - Phân công'!$I$1:$I$262,0),6,"Lớp 6 - Chi tiết!A"&MATCH(id,'Lớp 6 - Chi tiết'!$I$1:$I$267,0))))} -> Lớp 5 - Phân công!A25 | M40: =IF($T40="","",INDEX($BI$24:$BI$700,MATCH($T40,$AS$24:$AS$700,0))) -> 0.8 | N40: =IF($T40="","",INDEX($BJ$24:$BJ$700,MATCH($T40,$AS$24:$AS$700,0))) -> Thiếu 0.4 giờ/tuần | T40: =IFERROR(__xludf.DUMMYFUNCTION("""COMPUTED_VALUE"""),"03.03.02") -> 03.03.02 | U40: =IF('Lớp 3 - Công việc chính'!I30="","",'Lớp 3 - Công việc chính'!I30) -> HHL3DL02 | V40: =IF('Lớp 3 - Công việc chính'!I30="","","◆ "&'Lớp 3 - Công việc chính'!M30) -> ◆ Số hoá DL quản trị all BOC & all PB | W40: =IF('Lớp 3 - Công việc chính'!I30="","",3) -> 3 | X40: ='Lớp 3 - Công việc chính'!I30 -> HHL3DL02 | Y40: =IF(X40="","","") | Z40: ='Lớp 3 - Công việc chính'!V30 -> Ms Trang | AA40: ='Lớp 3 - Công việc chính'!W30 -> Dữ liệu điều hành | AB40: ='Lớp 3 - Công việc chính'!Y30 -> P3 | AC40: ='Lớp 3 - Công việc chính'!X30 -> Chưa bắt đầu | AD40: ='Lớp 3 - Công việc chính'!AC30 -> 0 | AE40: ='Lớp 3 - Công việc chính'!AA30 | AF40: ='Lớp 3 - Công việc chính'!AD30 | AG40: ='Lớp 3 - Công việc chính'!AE30 -> 240 | AH40: =IF(AG40="","",AG40*(1-AD40)) -> 240 | AI40: =IF(AC40="Hoàn thành","🟢 Hoàn thành",IF(AC40="Hủy","⚪ Hủy",IF(AE40="","🔵 Chưa có hạn",IF(AE40<TODAY(),"🔴 Quá hạn",IF(AE40<=TODAY()+7,"🟠 Hạn ≤7 ngày",IF(AB40="P1","🟣 P1 trọng yếu","🟢 Theo kế hoạch")))))) -> 🔵 Chưa có hạn | AJ40: ='Lớp 3 - Công việc chính'!AH30 -> Thiếu tham số phân bổ | AL40: =IF(AK40="","",COUNTIF($Z$24:$Z$700,AK40)) | AM40: =IF(AK40="","",SUMIF($Z$24:$Z$700,AK40,$BI$24:$BI$700)) | AN40: =IF(AK40="","",AM40+ROW()/1000000) | AS40: =IF(X40="","",TEXT(COUNTIF($X$24:X40,"<>"),"00")) -> 17 | AT40: =IF(W40=3,TRIM(SUBSTITUTE(V40,"◆","")),"") -> Số hoá DL quản trị all BOC & all PB | AU40: =IF(W40=4,TRIM(SUBSTITUTE(V40,"├─","")),"") | AV40: =IF(W40=5,TRIM(SUBSTITUTE(V40,"├─","")),"") | AW40: =IF(W40=6,TRIM(SUBSTITUTE(SUBSTITUTE(V40,"└─",""),"├─","")),"") | AX40: =Z40 -> Ms Trang | AY40: =AA40 -> Dữ liệu điều hành | AZ40: =AB40 -> P3 | BA40: =AC40 -> Chưa bắt đầu | BB40: =AD40 -> 0 | BC40: =AE40 | BD40: =AF40 | BE40: =AG40 -> 240 | ... BH40: =AJ40 -> Thiếu tham số phân bổ | BI40: {=IF($X40="","",SWITCH($W40,3,IFERROR(INDEX('Lớp 3 - Công việc chính'!$AF$14:$AF$73,MATCH($X40,'Lớp 3 - Công việc chính'!$I$14:$I$73,0)),""),4,IFERROR(INDEX('Lớp 4 - Danh mục'!$AI$14:$AI$132,MATCH($X40,'Lớp 4 - Danh mục'!$I$14:$I$132,0)),""),5,IFERROR(INDEX('Lớp 5 - Phân công'!$AJ$14:$AJ$262,MATCH($X40,'Lớp 5 - Phân công'!$I$14:$I$262,0)),""),6,IFERROR(INDEX('Lớp 6 - Chi tiết'!$AM$14:$AM$267,MATCH($X40,'Lớp 6 - Chi tiết'!$I$14:$I$267,0)),""),""))} | BJ40: {=IF($X40="","",SWITCH($W40,3,IFERROR(INDEX('Lớp 3 - Công việc chính'!$AR$14:$AR$73,MATCH($X40,'Lớp 3 - Công việc chính'!$I$14:$I$73,0)),""),4,IFERROR(INDEX('Lớp 4 - Danh mục'!$AU$14:$AU$132,MATCH($X40,'Lớp 4 - Danh mục'!$I$14:$I$132,0)),""),5,IFERROR(INDEX('Lớp 5 - Phân công'!$AV$14:$AV$262,MATCH($X40,'Lớp 5 - Phân công'!$I$14:$I$262,0)),""),6,IFERROR(INDEX('Lớp 6 - Chi tiết'!$AY$14:$AY$267,MATCH($X40,'Lớp 6 - Chi tiết'!$I$14:$I$267,0)),""),""))} -> Thiếu tham số phân bổ
A41: =IF($T41="","",LET(p,$T41,m,MATCH(p,$AS$24:$AS$700,0),lvl,INDEX($W$24:$W$700,m),SWITCH(lvl,3,"▓▓ L3 "&p&" "&UPPER(IF(INDEX($AT$24:$AT$700,m)="","⚠ CHƯA NHẬP TÊN",INDEX($AT$24:$AT$700,m))),4," ├─ ▓ L4 "&p&" "&IF(INDEX($AU$24:$AU$700,m)="","⚠ Chưa nhập tên",INDEX($AU$24:$AU$700,m)),5," ├── ▒ L5 "&p&" "&IF(INDEX($AV$24:$AV$700,m)="","⚠ Chưa nhập tên công việc",INDEX($AV$24:$AV$700,m)),6," └─── ░ L6 "&p&" "&IF(INDEX($AW$24:$AW$700,m)="","⚠ Chưa nhập tên chi tiết",INDEX($AW$24:$AW$700,m)),""))) -> ├── ▒ L5 03.03.03 XD bảng Excel & HT phần mềm (chạy demo) B2B | B41: =IF($T41="","",INDEX($AX$24:$AX$700,MATCH($T41,$AS$24:$AS$700,0))) -> Em Đại | C41: =IF($T41="","",INDEX($AY$24:$AY$700,MATCH($T41,$AS$24:$AS$700,0))) -> Dữ liệu điều hành | D41: =IF($T41="","",INDEX($AZ$24:$AZ$700,MATCH($T41,$AS$24:$AS$700,0))) -> P2 | E41: =IF($T41="","",INDEX($BA$24:$BA$700,MATCH($T41,$AS$24:$AS$700,0))) -> Chưa bắt đầu | F41: =IF($T41="","",INDEX($BB$24:$BB$700,MATCH($T41,$AS$24:$AS$700,0))) -> 0 | G41: =IF($T41="","",INDEX($BC$24:$BC$700,MATCH($T41,$AS$24:$AS$700,0))) -> 46305 | H41: =IF($T41="","",INDEX($BD$24:$BD$700,MATCH($T41,$AS$24:$AS$700,0))) -> 5 | I41: =IF($T41="","",INDEX($BF$24:$BF$700,MATCH($T41,$AS$24:$AS$700,0))) -> 24 | J41: =IF($T41="","",INDEX($BG$24:$BG$700,MATCH($T41,$AS$24:$AS$700,0))) -> 🟢 Theo kế hoạch | K41: =IF($T41="","",INDEX($BH$24:$BH$700,MATCH($T41,$AS$24:$AS$700,0))) -> Quá tải – tổng 13.6/8.0 giờ/ngày | L41: {=IF($T41="","",LET(m,MATCH($T41,$AS$24:$AS$700,0),lvl,INDEX($W$24:$W$700,m),id,INDEX($X$24:$X$700,m),SWITCH(lvl,3,"Lớp 3 - Công việc chính!A"&MATCH(id,'Lớp 3 - Công việc chính'!$I$1:$I$73,0),4,"Lớp 4 - Danh mục!A"&MATCH(id,'Lớp 4 - Danh mục'!$I$1:$I$132,0),5,"Lớp 5 - Phân công!A"&MATCH(id,'Lớp 5 - Phân công'!$I$1:$I$262,0),6,"Lớp 6 - Chi tiết!A"&MATCH(id,'Lớp 6 - Chi tiết'!$I$1:$I$267,0))))} -> Lớp 5 - Phân công!A26 | M41: =IF($T41="","",INDEX($BI$24:$BI$700,MATCH($T41,$AS$24:$AS$700,0))) -> 0.8 | N41: =IF($T41="","",INDEX($BJ$24:$BJ$700,MATCH($T41,$AS$24:$AS$700,0))) -> Thiếu 20.0 giờ/tuần | T41: =IFERROR(__xludf.DUMMYFUNCTION("""COMPUTED_VALUE"""),"03.03.03") -> 03.03.03 | U41: =IF('Lớp 3 - Công việc chính'!I31="","",'Lớp 3 - Công việc chính'!I31) -> HHL3DL03 | V41: =IF('Lớp 3 - Công việc chính'!I31="","","◆ "&'Lớp 3 - Công việc chính'!M31) -> ◆ XDHT ngưỡng điều tiết & cung ứng hàng hoá | W41: =IF('Lớp 3 - Công việc chính'!I31="","",3) -> 3 | X41: ='Lớp 3 - Công việc chính'!I31 -> HHL3DL03 | Y41: =IF(X41="","","") | Z41: ='Lớp 3 - Công việc chính'!V31 -> Ms Trang | AA41: ='Lớp 3 - Công việc chính'!W31 -> Dữ liệu điều hành | AB41: ='Lớp 3 - Công việc chính'!Y31 -> P3 | AC41: ='Lớp 3 - Công việc chính'!X31 -> Chưa bắt đầu | AD41: ='Lớp 3 - Công việc chính'!AC31 -> 0 | AE41: ='Lớp 3 - Công việc chính'!AA31 -> 46310 | AF41: ='Lớp 3 - Công việc chính'!AD31 | AG41: ='Lớp 3 - Công việc chính'!AE31 -> 160 | AH41: =IF(AG41="","",AG41*(1-AD41)) -> 160 | AI41: =IF(AC41="Hoàn thành","🟢 Hoàn thành",IF(AC41="Hủy","⚪ Hủy",IF(AE41="","🔵 Chưa có hạn",IF(AE41<TODAY(),"🔴 Quá hạn",IF(AE41<=TODAY()+7,"🟠 Hạn ≤7 ngày",IF(AB41="P1","🟣 P1 trọng yếu","🟢 Theo kế hoạch")))))) -> 🟢 Theo kế hoạch | AJ41: ='Lớp 3 - Công việc chính'!AH31 -> Chưa tính tải | AL41: =IF(AK41="","",COUNTIF($Z$24:$Z$700,AK41)) | AM41: =IF(AK41="","",SUMIF($Z$24:$Z$700,AK41,$BI$24:$BI$700)) | AN41: =IF(AK41="","",AM41+ROW()/1000000) | AS41: =IF(X41="","",TEXT(COUNTIF($X$24:X41,"<>"),"00")) -> 18 | AT41: =IF(W41=3,TRIM(SUBSTITUTE(V41,"◆","")),"") -> XDHT ngưỡng điều tiết & cung ứng hàng hoá | AU41: =IF(W41=4,TRIM(SUBSTITUTE(V41,"├─","")),"") | AV41: =IF(W41=5,TRIM(SUBSTITUTE(V41,"├─","")),"") | AW41: =IF(W41=6,TRIM(SUBSTITUTE(SUBSTITUTE(V41,"└─",""),"├─","")),"") | AX41: =Z41 -> Ms Trang | AY41: =AA41 -> Dữ liệu điều hành | AZ41: =AB41 -> P3 | BA41: =AC41 -> Chưa bắt đầu | BB41: =AD41 -> 0 | BC41: =AE41 -> 46310 | BD41: =AF41 | BE41: =AG41 -> 160 | ... BH41: =AJ41 -> Chưa tính tải | BI41: {=IF($X41="","",SWITCH($W41,3,IFERROR(INDEX('Lớp 3 - Công việc chính'!$AF$14:$AF$73,MATCH($X41,'Lớp 3 - Công việc chính'!$I$14:$I$73,0)),""),4,IFERROR(INDEX('Lớp 4 - Danh mục'!$AI$14:$AI$132,MATCH($X41,'Lớp 4 - Danh mục'!$I$14:$I$132,0)),""),5,IFERROR(INDEX('Lớp 5 - Phân công'!$AJ$14:$AJ$262,MATCH($X41,'Lớp 5 - Phân công'!$I$14:$I$262,0)),""),6,IFERROR(INDEX('Lớp 6 - Chi tiết'!$AM$14:$AM$267,MATCH($X41,'Lớp 6 - Chi tiết'!$I$14:$I$267,0)),""),""))} | BJ41: {=IF($X41="","",SWITCH($W41,3,IFERROR(INDEX('Lớp 3 - Công việc chính'!$AR$14:$AR$73,MATCH($X41,'Lớp 3 - Công việc chính'!$I$14:$I$73,0)),""),4,IFERROR(INDEX('Lớp 4 - Danh mục'!$AU$14:$AU$132,MATCH($X41,'Lớp 4 - Danh mục'!$I$14:$I$132,0)),""),5,IFERROR(INDEX('Lớp 5 - Phân công'!$AV$14:$AV$262,MATCH($X41,'Lớp 5 - Phân công'!$I$14:$I$262,0)),""),6,IFERROR(INDEX('Lớp 6 - Chi tiết'!$AY$14:$AY$267,MATCH($X41,'Lớp 6 - Chi tiết'!$I$14:$I$267,0)),""),""))} -> Theo dõi phân bổ tại Lớp 4
A42: =IF($T42="","",LET(p,$T42,m,MATCH(p,$AS$24:$AS$700,0),lvl,INDEX($W$24:$W$700,m),SWITCH(lvl,3,"▓▓ L3 "&p&" "&UPPER(IF(INDEX($AT$24:$AT$700,m)="","⚠ CHƯA NHẬP TÊN",INDEX($AT$24:$AT$700,m))),4," ├─ ▓ L4 "&p&" "&IF(INDEX($AU$24:$AU$700,m)="","⚠ Chưa nhập tên",INDEX($AU$24:$AU$700,m)),5," ├── ▒ L5 "&p&" "&IF(INDEX($AV$24:$AV$700,m)="","⚠ Chưa nhập tên công việc",INDEX($AV$24:$AV$700,m)),6," └─── ░ L6 "&p&" "&IF(INDEX($AW$24:$AW$700,m)="","⚠ Chưa nhập tên chi tiết",INDEX($AW$24:$AW$700,m)),""))) -> ├── ▒ L5 03.03.04 Chạy tham số Topdown B2B | B42: =IF($T42="","",INDEX($AX$24:$AX$700,MATCH($T42,$AS$24:$AS$700,0))) -> Em Đại | C42: =IF($T42="","",INDEX($AY$24:$AY$700,MATCH($T42,$AS$24:$AS$700,0))) -> Dữ liệu điều hành | D42: =IF($T42="","",INDEX($AZ$24:$AZ$700,MATCH($T42,$AS$24:$AS$700,0))) -> P2 | E42: =IF($T42="","",INDEX($BA$24:$BA$700,MATCH($T42,$AS$24:$AS$700,0))) -> Đã lên lịch | F42: =IF($T42="","",INDEX($BB$24:$BB$700,MATCH($T42,$AS$24:$AS$700,0))) | G42: =IF($T42="","",INDEX($BC$24:$BC$700,MATCH($T42,$AS$24:$AS$700,0))) -> 46307 | H42: =IF($T42="","",INDEX($BD$24:$BD$700,MATCH($T42,$AS$24:$AS$700,0))) -> 1 | I42: =IF($T42="","",INDEX($BF$24:$BF$700,MATCH($T42,$AS$24:$AS$700,0))) -> 16 | J42: =IF($T42="","",INDEX($BG$24:$BG$700,MATCH($T42,$AS$24:$AS$700,0))) -> 🟢 Theo kế hoạch | K42: =IF($T42="","",INDEX($BH$24:$BH$700,MATCH($T42,$AS$24:$AS$700,0))) -> Cận tải – tổng 8.0/8.0 giờ/ngày | L42: {=IF($T42="","",LET(m,MATCH($T42,$AS$24:$AS$700,0),lvl,INDEX($W$24:$W$700,m),id,INDEX($X$24:$X$700,m),SWITCH(lvl,3,"Lớp 3 - Công việc chính!A"&MATCH(id,'Lớp 3 - Công việc chính'!$I$1:$I$73,0),4,"Lớp 4 - Danh mục!A"&MATCH(id,'Lớp 4 - Danh mục'!$I$1:$I$132,0),5,"Lớp 5 - Phân công!A"&MATCH(id,'Lớp 5 - Phân công'!$I$1:$I$262,0),6,"Lớp 6 - Chi tiết!A"&MATCH(id,'Lớp 6 - Chi tiết'!$I$1:$I$267,0))))} -> Lớp 5 - Phân công!A27 | M42: =IF($T42="","",INDEX($BI$24:$BI$700,MATCH($T42,$AS$24:$AS$700,0))) -> 0.8 | N42: =IF($T42="","",INDEX($BJ$24:$BJ$700,MATCH($T42,$AS$24:$AS$700,0))) -> Thiếu 76.0 giờ/tuần | T42: =IFERROR(__xludf.DUMMYFUNCTION("""COMPUTED_VALUE"""),"03.03.04") -> 03.03.04 | U42: =IF('Lớp 3 - Công việc chính'!I32="","",'Lớp 3 - Công việc chính'!I32) -> #REF! | V42: =IF('Lớp 3 - Công việc chính'!I32="","","◆ "&'Lớp 3 - Công việc chính'!M32) -> #REF! | W42: =IF('Lớp 3 - Công việc chính'!I32="","",3) -> #REF! | X42: ='Lớp 3 - Công việc chính'!I32 -> #REF! | Y42: =IF(X42="","","") -> #REF! | Z42: ='Lớp 3 - Công việc chính'!V32 -> #REF! | AA42: ='Lớp 3 - Công việc chính'!W32 -> #REF! | AB42: ='Lớp 3 - Công việc chính'!Y32 -> #REF! | AC42: ='Lớp 3 - Công việc chính'!X32 -> #REF! | AD42: ='Lớp 3 - Công việc chính'!AC32 -> #REF! | AE42: ='Lớp 3 - Công việc chính'!AA32 -> #REF! | AF42: ='Lớp 3 - Công việc chính'!AD32 -> #REF! | AG42: ='Lớp 3 - Công việc chính'!AE32 -> #REF! | AH42: =IF(AG42="","",AG42*(1-AD42)) -> #REF! | AI42: =IF(AC42="Hoàn thành","🟢 Hoàn thành",IF(AC42="Hủy","⚪ Hủy",IF(AE42="","🔵 Chưa có hạn",IF(AE42<TODAY(),"🔴 Quá hạn",IF(AE42<=TODAY()+7,"🟠 Hạn ≤7 ngày",IF(AB42="P1","🟣 P1 trọng yếu","🟢 Theo kế hoạch")))))) -> #REF! | AJ42: ='Lớp 3 - Công việc chính'!AH32 -> #REF! | AL42: =IF(AK42="","",COUNTIF($Z$24:$Z$700,AK42)) | AM42: =IF(AK42="","",SUMIF($Z$24:$Z$700,AK42,$BI$24:$BI$700)) | AN42: =IF(AK42="","",AM42+ROW()/1000000) | AS42: =IF(X42="","",TEXT(COUNTIF($X$24:X42,"<>"),"00")) -> #REF! | AT42: =IF(W42=3,TRIM(SUBSTITUTE(V42,"◆","")),"") -> #REF! | AU42: =IF(W42=4,TRIM(SUBSTITUTE(V42,"├─","")),"") -> #REF! | AV42: =IF(W42=5,TRIM(SUBSTITUTE(V42,"├─","")),"") -> #REF! | AW42: =IF(W42=6,TRIM(SUBSTITUTE(SUBSTITUTE(V42,"└─",""),"├─","")),"") -> #REF! | AX42: =Z42 -> #REF! | AY42: =AA42 -> #REF! | AZ42: =AB42 -> #REF! | BA42: =AC42 -> #REF! | BB42: =AD42 -> #REF! | BC42: =AE42 -> #REF! | BD42: =AF42 -> #REF! | BE42: =AG42 -> #REF! | ... BH42: =AJ42 -> #REF! | BI42: {=IF($X42="","",SWITCH($W42,3,IFERROR(INDEX('Lớp 3 - Công việc chính'!$AF$14:$AF$73,MATCH($X42,'Lớp 3 - Công việc chính'!$I$14:$I$73,0)),""),4,IFERROR(INDEX('Lớp 4 - Danh mục'!$AI$14:$AI$132,MATCH($X42,'Lớp 4 - Danh mục'!$I$14:$I$132,0)),""),5,IFERROR(INDEX('Lớp 5 - Phân công'!$AJ$14:$AJ$262,MATCH($X42,'Lớp 5 - Phân công'!$I$14:$I$262,0)),""),6,IFERROR(INDEX('Lớp 6 - Chi tiết'!$AM$14:$AM$267,MATCH($X42,'Lớp 6 - Chi tiết'!$I$14:$I$267,0)),""),""))} -> #REF! | BJ42: {=IF($X42="","",SWITCH($W42,3,IFERROR(INDEX('Lớp 3 - Công việc chính'!$AR$14:$AR$73,MATCH($X42,'Lớp 3 - Công việc chính'!$I$14:$I$73,0)),""),4,IFERROR(INDEX('Lớp 4 - Danh mục'!$AU$14:$AU$132,MATCH($X42,'Lớp 4 - Danh mục'!$I$14:$I$132,0)),""),5,IFERROR(INDEX('Lớp 5 - Phân công'!$AV$14:$AV$262,MATCH($X42,'Lớp 5 - Phân công'!$I$14:$I$262,0)),""),6,IFERROR(INDEX('Lớp 6 - Chi tiết'!$AY$14:$AY$267,MATCH($X42,'Lớp 6 - Chi tiết'!$I$14:$I$267,0)),""),""))} -> #REF!
A43: =IF($T43="","",LET(p,$T43,m,MATCH(p,$AS$24:$AS$700,0),lvl,INDEX($W$24:$W$700,m),SWITCH(lvl,3,"▓▓ L3 "&p&" "&UPPER(IF(INDEX($AT$24:$AT$700,m)="","⚠ CHƯA NHẬP TÊN",INDEX($AT$24:$AT$700,m))),4," ├─ ▓ L4 "&p&" "&IF(INDEX($AU$24:$AU$700,m)="","⚠ Chưa nhập tên",INDEX($AU$24:$AU$700,m)),5," ├── ▒ L5 "&p&" "&IF(INDEX($AV$24:$AV$700,m)="","⚠ Chưa nhập tên công việc",INDEX($AV$24:$AV$700,m)),6," └─── ░ L6 "&p&" "&IF(INDEX($AW$24:$AW$700,m)="","⚠ Chưa nhập tên chi tiết",INDEX($AW$24:$AW$700,m)),""))) -> ├── ▒ L5 03.03.05 Chạy tham số Bottom-up theo khu vực vùng miền B2B | B43: =IF($T43="","",INDEX($AX$24:$AX$700,MATCH($T43,$AS$24:$AS$700,0))) -> Em Đại | C43: =IF($T43="","",INDEX($AY$24:$AY$700,MATCH($T43,$AS$24:$AS$700,0))) -> Dữ liệu điều hành | D43: =IF($T43="","",INDEX($AZ$24:$AZ$700,MATCH($T43,$AS$24:$AS$700,0))) -> P2 | E43: =IF($T43="","",INDEX($BA$24:$BA$700,MATCH($T43,$AS$24:$AS$700,0))) -> Đã lên lịch | F43: =IF($T43="","",INDEX($BB$24:$BB$700,MATCH($T43,$AS$24:$AS$700,0))) | G43: =IF($T43="","",INDEX($BC$24:$BC$700,MATCH($T43,$AS$24:$AS$700,0))) -> 46320 | H43: =IF($T43="","",INDEX($BD$24:$BD$700,MATCH($T43,$AS$24:$AS$700,0))) -> 11 | I43: =IF($T43="","",INDEX($BF$24:$BF$700,MATCH($T43,$AS$24:$AS$700,0))) -> 16 | J43: =IF($T43="","",INDEX($BG$24:$BG$700,MATCH($T43,$AS$24:$AS$700,0))) -> 🟢 Theo kế hoạch | K43: =IF($T43="","",INDEX($BH$24:$BH$700,MATCH($T43,$AS$24:$AS$700,0))) -> Quá tải – tổng 10.4/8.0 giờ/ngày | L43: {=IF($T43="","",LET(m,MATCH($T43,$AS$24:$AS$700,0),lvl,INDEX($W$24:$W$700,m),id,INDEX($X$24:$X$700,m),SWITCH(lvl,3,"Lớp 3 - Công việc chính!A"&MATCH(id,'Lớp 3 - Công việc chính'!$I$1:$I$73,0),4,"Lớp 4 - Danh mục!A"&MATCH(id,'Lớp 4 - Danh mục'!$I$1:$I$132,0),5,"Lớp 5 - Phân công!A"&MATCH(id,'Lớp 5 - Phân công'!$I$1:$I$262,0),6,"Lớp 6 - Chi tiết!A"&MATCH(id,'Lớp 6 - Chi tiết'!$I$1:$I$267,0))))} -> Lớp 5 - Phân công!A28 | M43: =IF($T43="","",INDEX($BI$24:$BI$700,MATCH($T43,$AS$24:$AS$700,0))) -> 0.8 | N43: =IF($T43="","",INDEX($BJ$24:$BJ$700,MATCH($T43,$AS$24:$AS$700,0))) -> Thiếu 3.3 giờ/tuần | T43: =IFERROR(__xludf.DUMMYFUNCTION("""COMPUTED_VALUE"""),"03.03.05") -> 03.03.05 | U43: =IF('Lớp 3 - Công việc chính'!I33="","",'Lớp 3 - Công việc chính'!I33) -> HHL3DL05 | V43: =IF('Lớp 3 - Công việc chính'!I33="","","◆ "&'Lớp 3 - Công việc chính'!M33) -> ◆ Phát triển HT BC tự động định kỳ | W43: =IF('Lớp 3 - Công việc chính'!I33="","",3) -> 3 | X43: ='Lớp 3 - Công việc chính'!I33 -> HHL3DL05 | Y43: =IF(X43="","","") | Z43: ='Lớp 3 - Công việc chính'!V33 -> Ms Trang | AA43: ='Lớp 3 - Công việc chính'!W33 -> Dữ liệu điều hành | AB43: ='Lớp 3 - Công việc chính'!Y33 -> P1 | AC43: ='Lớp 3 - Công việc chính'!X33 -> Chưa bắt đầu | AD43: ='Lớp 3 - Công việc chính'!AC33 -> 0 | AE43: ='Lớp 3 - Công việc chính'!AA33 -> 46265 | AF43: ='Lớp 3 - Công việc chính'!AD33 -> 17 | AG43: ='Lớp 3 - Công việc chính'!AE33 -> 200 | AH43: =IF(AG43="","",AG43*(1-AD43)) -> 200 | AI43: =IF(AC43="Hoàn thành","🟢 Hoàn thành",IF(AC43="Hủy","⚪ Hủy",IF(AE43="","🔵 Chưa có hạn",IF(AE43<TODAY(),"🔴 Quá hạn",IF(AE43<=TODAY()+7,"🟠 Hạn ≤7 ngày",IF(AB43="P1","🟣 P1 trọng yếu","🟢 Theo kế hoạch")))))) -> 🟣 P1 trọng yếu | AJ43: ='Lớp 3 - Công việc chính'!AH33 -> Thiếu tham số phân bổ | AL43: =IF(AK43="","",COUNTIF($Z$24:$Z$700,AK43)) | AM43: =IF(AK43="","",SUMIF($Z$24:$Z$700,AK43,$BI$24:$BI$700)) | AN43: =IF(AK43="","",AM43+ROW()/1000000) | AS43: =IF(X43="","",TEXT(COUNTIF($X$24:X43,"<>"),"00")) -> 20 | AT43: =IF(W43=3,TRIM(SUBSTITUTE(V43,"◆","")),"") -> Phát triển HT BC tự động định kỳ | AU43: =IF(W43=4,TRIM(SUBSTITUTE(V43,"├─","")),"") | AV43: =IF(W43=5,TRIM(SUBSTITUTE(V43,"├─","")),"") | AW43: =IF(W43=6,TRIM(SUBSTITUTE(SUBSTITUTE(V43,"└─",""),"├─","")),"") | AX43: =Z43 -> Ms Trang | AY43: =AA43 -> Dữ liệu điều hành | AZ43: =AB43 -> P1 | BA43: =AC43 -> Chưa bắt đầu | BB43: =AD43 -> 0 | BC43: =AE43 -> 46265 | BD43: =AF43 -> 17 | BE43: =AG43 -> 200 | ... BH43: =AJ43 -> Thiếu tham số phân bổ | BI43: {=IF($X43="","",SWITCH($W43,3,IFERROR(INDEX('Lớp 3 - Công việc chính'!$AF$14:$AF$73,MATCH($X43,'Lớp 3 - Công việc chính'!$I$14:$I$73,0)),""),4,IFERROR(INDEX('Lớp 4 - Danh mục'!$AI$14:$AI$132,MATCH($X43,'Lớp 4 - Danh mục'!$I$14:$I$132,0)),""),5,IFERROR(INDEX('Lớp 5 - Phân công'!$AJ$14:$AJ$262,MATCH($X43,'Lớp 5 - Phân công'!$I$14:$I$262,0)),""),6,IFERROR(INDEX('Lớp 6 - Chi tiết'!$AM$14:$AM$267,MATCH($X43,'Lớp 6 - Chi tiết'!$I$14:$I$267,0)),""),""))} | BJ43: {=IF($X43="","",SWITCH($W43,3,IFERROR(INDEX('Lớp 3 - Công việc chính'!$AR$14:$AR$73,MATCH($X43,'Lớp 3 - Công việc chính'!$I$14:$I$73,0)),""),4,IFERROR(INDEX('Lớp 4 - Danh mục'!$AU$14:$AU$132,MATCH($X43,'Lớp 4 - Danh mục'!$I$14:$I$132,0)),""),5,IFERROR(INDEX('Lớp 5 - Phân công'!$AV$14:$AV$262,MATCH($X43,'Lớp 5 - Phân công'!$I$14:$I$262,0)),""),6,IFERROR(INDEX('Lớp 6 - Chi tiết'!$AY$14:$AY$267,MATCH($X43,'Lớp 6 - Chi tiết'!$I$14:$I$267,0)),""),""))} -> Thiếu tham số phân bổ
A44: =IF($T44="","",LET(p,$T44,m,MATCH(p,$AS$24:$AS$700,0),lvl,INDEX($W$24:$W$700,m),SWITCH(lvl,3,"▓▓ L3 "&p&" "&UPPER(IF(INDEX($AT$24:$AT$700,m)="","⚠ CHƯA NHẬP TÊN",INDEX($AT$24:$AT$700,m))),4," ├─ ▓ L4 "&p&" "&IF(INDEX($AU$24:$AU$700,m)="","⚠ Chưa nhập tên",INDEX($AU$24:$AU$700,m)),5," ├── ▒ L5 "&p&" "&IF(INDEX($AV$24:$AV$700,m)="","⚠ Chưa nhập tên công việc",INDEX($AV$24:$AV$700,m)),6," └─── ░ L6 "&p&" "&IF(INDEX($AW$24:$AW$700,m)="","⚠ Chưa nhập tên chi tiết",INDEX($AW$24:$AW$700,m)),""))) -> ├─ ▓ L4 03.04 Xây dựng công thức & tạo HT tham số cho KH Online | B44: =IF($T44="","",INDEX($AX$24:$AX$700,MATCH($T44,$AS$24:$AS$700,0))) -> Em Đại | C44: =IF($T44="","",INDEX($AY$24:$AY$700,MATCH($T44,$AS$24:$AS$700,0))) -> Dữ liệu điều hành | D44: =IF($T44="","",INDEX($AZ$24:$AZ$700,MATCH($T44,$AS$24:$AS$700,0))) -> P1 | E44: =IF($T44="","",INDEX($BA$24:$BA$700,MATCH($T44,$AS$24:$AS$700,0))) -> Chưa bắt đầu | F44: =IF($T44="","",INDEX($BB$24:$BB$700,MATCH($T44,$AS$24:$AS$700,0))) -> 0 | G44: =IF($T44="","",INDEX($BC$24:$BC$700,MATCH($T44,$AS$24:$AS$700,0))) -> 46320 | H44: =IF($T44="","",INDEX($BD$24:$BD$700,MATCH($T44,$AS$24:$AS$700,0))) -> 62 | I44: =IF($T44="","",INDEX($BF$24:$BF$700,MATCH($T44,$AS$24:$AS$700,0))) -> 80 | J44: =IF($T44="","",INDEX($BG$24:$BG$700,MATCH($T44,$AS$24:$AS$700,0))) -> 🟣 P1 trọng yếu | K44: =IF($T44="","",INDEX($BH$24:$BH$700,MATCH($T44,$AS$24:$AS$700,0))) -> Theo dõi tải tại Lớp 5 | L44: {=IF($T44="","",LET(m,MATCH($T44,$AS$24:$AS$700,0),lvl,INDEX($W$24:$W$700,m),id,INDEX($X$24:$X$700,m),SWITCH(lvl,3,"Lớp 3 - Công việc chính!A"&MATCH(id,'Lớp 3 - Công việc chính'!$I$1:$I$73,0),4,"Lớp 4 - Danh mục!A"&MATCH(id,'Lớp 4 - Danh mục'!$I$1:$I$132,0),5,"Lớp 5 - Phân công!A"&MATCH(id,'Lớp 5 - Phân công'!$I$1:$I$262,0),6,"Lớp 6 - Chi tiết!A"&MATCH(id,'Lớp 6 - Chi tiết'!$I$1:$I$267,0))))} -> Lớp 4 - Danh mục!A17 | M44: =IF($T44="","",INDEX($BI$24:$BI$700,MATCH($T44,$AS$24:$AS$700,0))) | N44: =IF($T44="","",INDEX($BJ$24:$BJ$700,MATCH($T44,$AS$24:$AS$700,0))) -> Theo dõi phân bổ tại Lớp 5 | T44: =IFERROR(__xludf.DUMMYFUNCTION("""COMPUTED_VALUE"""),"03.04") -> 03.04 | U44: =IF('Lớp 3 - Công việc chính'!I34="","",'Lớp 3 - Công việc chính'!I34) -> HHL3DL06 | V44: =IF('Lớp 3 - Công việc chính'!I34="","","◆ "&'Lớp 3 - Công việc chính'!M34) -> ◆ XDHT quản lý NCC | W44: =IF('Lớp 3 - Công việc chính'!I34="","",3) -> 3 | X44: ='Lớp 3 - Công việc chính'!I34 -> HHL3DL06 | Y44: =IF(X44="","","") | Z44: ='Lớp 3 - Công việc chính'!V34 -> Ms Trang | AA44: ='Lớp 3 - Công việc chính'!W34 -> Dữ liệu điều hành | AB44: ='Lớp 3 - Công việc chính'!Y34 -> P2 | AC44: ='Lớp 3 - Công việc chính'!X34 -> Chưa bắt đầu | AD44: ='Lớp 3 - Công việc chính'!AC34 -> 0 | AE44: ='Lớp 3 - Công việc chính'!AA34 -> 46265 | AF44: ='Lớp 3 - Công việc chính'!AD34 -> 17 | AG44: ='Lớp 3 - Công việc chính'!AE34 -> 240 | AH44: =IF(AG44="","",AG44*(1-AD44)) -> 240 | AI44: =IF(AC44="Hoàn thành","🟢 Hoàn thành",IF(AC44="Hủy","⚪ Hủy",IF(AE44="","🔵 Chưa có hạn",IF(AE44<TODAY(),"🔴 Quá hạn",IF(AE44<=TODAY()+7,"🟠 Hạn ≤7 ngày",IF(AB44="P1","🟣 P1 trọng yếu","🟢 Theo kế hoạch")))))) -> 🟢 Theo kế hoạch | AJ44: ='Lớp 3 - Công việc chính'!AH34 -> Theo dõi tải tại Lớp 4 | AL44: =IF(AK44="","",COUNTIF($Z$24:$Z$700,AK44)) | AM44: =IF(AK44="","",SUMIF($Z$24:$Z$700,AK44,$BI$24:$BI$700)) | AN44: =IF(AK44="","",AM44+ROW()/1000000) | AS44: =IF(X44="","",TEXT(COUNTIF($X$24:X44,"<>"),"00")) -> 21 | AT44: =IF(W44=3,TRIM(SUBSTITUTE(V44,"◆","")),"") -> XDHT quản lý NCC | AU44: =IF(W44=4,TRIM(SUBSTITUTE(V44,"├─","")),"") | AV44: =IF(W44=5,TRIM(SUBSTITUTE(V44,"├─","")),"") | AW44: =IF(W44=6,TRIM(SUBSTITUTE(SUBSTITUTE(V44,"└─",""),"├─","")),"") | AX44: =Z44 -> Ms Trang | AY44: =AA44 -> Dữ liệu điều hành | AZ44: =AB44 -> P2 | BA44: =AC44 -> Chưa bắt đầu | BB44: =AD44 -> 0 | BC44: =AE44 -> 46265 | BD44: =AF44 -> 17 | BE44: =AG44 -> 240 | ... BH44: =AJ44 -> Theo dõi tải tại Lớp 4 | BI44: {=IF($X44="","",SWITCH($W44,3,IFERROR(INDEX('Lớp 3 - Công việc chính'!$AF$14:$AF$73,MATCH($X44,'Lớp 3 - Công việc chính'!$I$14:$I$73,0)),""),4,IFERROR(INDEX('Lớp 4 - Danh mục'!$AI$14:$AI$132,MATCH($X44,'Lớp 4 - Danh mục'!$I$14:$I$132,0)),""),5,IFERROR(INDEX('Lớp 5 - Phân công'!$AJ$14:$AJ$262,MATCH($X44,'Lớp 5 - Phân công'!$I$14:$I$262,0)),""),6,IFERROR(INDEX('Lớp 6 - Chi tiết'!$AM$14:$AM$267,MATCH($X44,'Lớp 6 - Chi tiết'!$I$14:$I$267,0)),""),""))} | BJ44: {=IF($X44="","",SWITCH($W44,3,IFERROR(INDEX('Lớp 3 - Công việc chính'!$AR$14:$AR$73,MATCH($X44,'Lớp 3 - Công việc chính'!$I$14:$I$73,0)),""),4,IFERROR(INDEX('Lớp 4 - Danh mục'!$AU$14:$AU$132,MATCH($X44,'Lớp 4 - Danh mục'!$I$14:$I$132,0)),""),5,IFERROR(INDEX('Lớp 5 - Phân công'!$AV$14:$AV$262,MATCH($X44,'Lớp 5 - Phân công'!$I$14:$I$262,0)),""),6,IFERROR(INDEX('Lớp 6 - Chi tiết'!$AY$14:$AY$267,MATCH($X44,'Lớp 6 - Chi tiết'!$I$14:$I$267,0)),""),""))} -> Theo dõi phân bổ tại Lớp 4
A45: =IF($T45="","",LET(p,$T45,m,MATCH(p,$AS$24:$AS$700,0),lvl,INDEX($W$24:$W$700,m),SWITCH(lvl,3,"▓▓ L3 "&p&" "&UPPER(IF(INDEX($AT$24:$AT$700,m)="","⚠ CHƯA NHẬP TÊN",INDEX($AT$24:$AT$700,m))),4," ├─ ▓ L4 "&p&" "&IF(INDEX($AU$24:$AU$700,m)="","⚠ Chưa nhập tên",INDEX($AU$24:$AU$700,m)),5," ├── ▒ L5 "&p&" "&IF(INDEX($AV$24:$AV$700,m)="","⚠ Chưa nhập tên công việc",INDEX($AV$24:$AV$700,m)),6," └─── ░ L6 "&p&" "&IF(INDEX($AW$24:$AW$700,m)="","⚠ Chưa nhập tên chi tiết",INDEX($AW$24:$AW$700,m)),""))) -> ├── ▒ L5 03.04.01 XD & phản biện công thức (nội bộ) Online | B45: =IF($T45="","",INDEX($AX$24:$AX$700,MATCH($T45,$AS$24:$AS$700,0))) -> Em Đại | C45: =IF($T45="","",INDEX($AY$24:$AY$700,MATCH($T45,$AS$24:$AS$700,0))) -> Dữ liệu điều hành | D45: =IF($T45="","",INDEX($AZ$24:$AZ$700,MATCH($T45,$AS$24:$AS$700,0))) -> P2 | E45: =IF($T45="","",INDEX($BA$24:$BA$700,MATCH($T45,$AS$24:$AS$700,0))) -> Chưa bắt đầu | F45: =IF($T45="","",INDEX($BB$24:$BB$700,MATCH($T45,$AS$24:$AS$700,0))) -> 0 | G45: =IF($T45="","",INDEX($BC$24:$BC$700,MATCH($T45,$AS$24:$AS$700,0))) -> 46300 | H45: =IF($T45="","",INDEX($BD$24:$BD$700,MATCH($T45,$AS$24:$AS$700,0))) -> 9 | I45: =IF($T45="","",INDEX($BF$24:$BF$700,MATCH($T45,$AS$24:$AS$700,0))) -> 16 | J45: =IF($T45="","",INDEX($BG$24:$BG$700,MATCH($T45,$AS$24:$AS$700,0))) -> 🟢 Theo kế hoạch | K45: =IF($T45="","",INDEX($BH$24:$BH$700,MATCH($T45,$AS$24:$AS$700,0))) -> Quá tải – tổng 15.2/8.0 giờ/ngày | L45: {=IF($T45="","",LET(m,MATCH($T45,$AS$24:$AS$700,0),lvl,INDEX($W$24:$W$700,m),id,INDEX($X$24:$X$700,m),SWITCH(lvl,3,"Lớp 3 - Công việc chính!A"&MATCH(id,'Lớp 3 - Công việc chính'!$I$1:$I$73,0),4,"Lớp 4 - Danh mục!A"&MATCH(id,'Lớp 4 - Danh mục'!$I$1:$I$132,0),5,"Lớp 5 - Phân công!A"&MATCH(id,'Lớp 5 - Phân công'!$I$1:$I$262,0),6,"Lớp 6 - Chi tiết!A"&MATCH(id,'Lớp 6 - Chi tiết'!$I$1:$I$267,0))))} -> Lớp 5 - Phân công!A29 | M45: =IF($T45="","",INDEX($BI$24:$BI$700,MATCH($T45,$AS$24:$AS$700,0))) -> 0.8 | N45: =IF($T45="","",INDEX($BJ$24:$BJ$700,MATCH($T45,$AS$24:$AS$700,0))) -> Thiếu 4.9 giờ/tuần | T45: =IFERROR(__xludf.DUMMYFUNCTION("""COMPUTED_VALUE"""),"03.04.01") -> 03.04.01 | U45: =IF('Lớp 3 - Công việc chính'!I35="","",'Lớp 3 - Công việc chính'!I35) -> HHL3DL07 | V45: =IF('Lớp 3 - Công việc chính'!I35="","","◆ "&'Lớp 3 - Công việc chính'!M35) -> ◆ Truy xuất & xử lý DL phát sinh theo yêu cầu | W45: =IF('Lớp 3 - Công việc chính'!I35="","",3) -> 3 | X45: ='Lớp 3 - Công việc chính'!I35 -> HHL3DL07 | Y45: =IF(X45="","","") | Z45: ='Lớp 3 - Công việc chính'!V35 -> Em Đại | AA45: ='Lớp 3 - Công việc chính'!W35 -> Dữ liệu điều hành | AB45: ='Lớp 3 - Công việc chính'!Y35 -> P3 | AC45: ='Lớp 3 - Công việc chính'!X35 -> Chưa bắt đầu | AD45: ='Lớp 3 - Công việc chính'!AC35 -> 0 | AE45: ='Lớp 3 - Công việc chính'!AA35 | AF45: ='Lớp 3 - Công việc chính'!AD35 | AG45: ='Lớp 3 - Công việc chính'!AE35 -> 120 | AH45: =IF(AG45="","",AG45*(1-AD45)) -> 120 | AI45: =IF(AC45="Hoàn thành","🟢 Hoàn thành",IF(AC45="Hủy","⚪ Hủy",IF(AE45="","🔵 Chưa có hạn",IF(AE45<TODAY(),"🔴 Quá hạn",IF(AE45<=TODAY()+7,"🟠 Hạn ≤7 ngày",IF(AB45="P1","🟣 P1 trọng yếu","🟢 Theo kế hoạch")))))) -> 🔵 Chưa có hạn | AJ45: ='Lớp 3 - Công việc chính'!AH35 -> Thiếu tham số phân bổ | AL45: =IF(AK45="","",COUNTIF($Z$24:$Z$700,AK45)) | AM45: =IF(AK45="","",SUMIF($Z$24:$Z$700,AK45,$BI$24:$BI$700)) | AN45: =IF(AK45="","",AM45+ROW()/1000000) | AS45: =IF(X45="","",TEXT(COUNTIF($X$24:X45,"<>"),"00")) -> 22 | AT45: =IF(W45=3,TRIM(SUBSTITUTE(V45,"◆","")),"") -> Truy xuất & xử lý DL phát sinh theo yêu cầu | AU45: =IF(W45=4,TRIM(SUBSTITUTE(V45,"├─","")),"") | AV45: =IF(W45=5,TRIM(SUBSTITUTE(V45,"├─","")),"") | AW45: =IF(W45=6,TRIM(SUBSTITUTE(SUBSTITUTE(V45,"└─",""),"├─","")),"") | AX45: =Z45 -> Em Đại | AY45: =AA45 -> Dữ liệu điều hành | AZ45: =AB45 -> P3 | BA45: =AC45 -> Chưa bắt đầu | BB45: =AD45 -> 0 | BC45: =AE45 | BD45: =AF45 | BE45: =AG45 -> 120 | ... BH45: =AJ45 -> Thiếu tham số phân bổ | BI45: {=IF($X45="","",SWITCH($W45,3,IFERROR(INDEX('Lớp 3 - Công việc chính'!$AF$14:$AF$73,MATCH($X45,'Lớp 3 - Công việc chính'!$I$14:$I$73,0)),""),4,IFERROR(INDEX('Lớp 4 - Danh mục'!$AI$14:$AI$132,MATCH($X45,'Lớp 4 - Danh mục'!$I$14:$I$132,0)),""),5,IFERROR(INDEX('Lớp 5 - Phân công'!$AJ$14:$AJ$262,MATCH($X45,'Lớp 5 - Phân công'!$I$14:$I$262,0)),""),6,IFERROR(INDEX('Lớp 6 - Chi tiết'!$AM$14:$AM$267,MATCH($X45,'Lớp 6 - Chi tiết'!$I$14:$I$267,0)),""),""))} | BJ45: {=IF($X45="","",SWITCH($W45,3,IFERROR(INDEX('Lớp 3 - Công việc chính'!$AR$14:$AR$73,MATCH($X45,'Lớp 3 - Công việc chính'!$I$14:$I$73,0)),""),4,IFERROR(INDEX('Lớp 4 - Danh mục'!$AU$14:$AU$132,MATCH($X45,'Lớp 4 - Danh mục'!$I$14:$I$132,0)),""),5,IFERROR(INDEX('Lớp 5 - Phân công'!$AV$14:$AV$262,MATCH($X45,'Lớp 5 - Phân công'!$I$14:$I$262,0)),""),6,IFERROR(INDEX('Lớp 6 - Chi tiết'!$AY$14:$AY$267,MATCH($X45,'Lớp 6 - Chi tiết'!$I$14:$I$267,0)),""),""))} -> Thiếu tham số phân bổ
A46: =IF($T46="","",LET(p,$T46,m,MATCH(p,$AS$24:$AS$700,0),lvl,INDEX($W$24:$W$700,m),SWITCH(lvl,3,"▓▓ L3 "&p&" "&UPPER(IF(INDEX($AT$24:$AT$700,m)="","⚠ CHƯA NHẬP TÊN",INDEX($AT$24:$AT$700,m))),4," ├─ ▓ L4 "&p&" "&IF(INDEX($AU$24:$AU$700,m)="","⚠ Chưa nhập tên",INDEX($AU$24:$AU$700,m)),5," ├── ▒ L5 "&p&" "&IF(INDEX($AV$24:$AV$700,m)="","⚠ Chưa nhập tên công việc",INDEX($AV$24:$AV$700,m)),6," └─── ░ L6 "&p&" "&IF(INDEX($AW$24:$AW$700,m)="","⚠ Chưa nhập tên chi tiết",INDEX($AW$24:$AW$700,m)),""))) -> ├── ▒ L5 03.04.02 Phản biện với TGĐ & liên PB Online | B46: =IF($T46="","",INDEX($AX$24:$AX$700,MATCH($T46,$AS$24:$AS$700,0))) -> Em Đại | C46: =IF($T46="","",INDEX($AY$24:$AY$700,MATCH($T46,$AS$24:$AS$700,0))) -> Dữ liệu điều hành | D46: =IF($T46="","",INDEX($AZ$24:$AZ$700,MATCH($T46,$AS$24:$AS$700,0))) -> P2 | E46: =IF($T46="","",INDEX($BA$24:$BA$700,MATCH($T46,$AS$24:$AS$700,0))) -> Chưa bắt đầu | F46: =IF($T46="","",INDEX($BB$24:$BB$700,MATCH($T46,$AS$24:$AS$700,0))) -> 0 | G46: =IF($T46="","",INDEX($BC$24:$BC$700,MATCH($T46,$AS$24:$AS$700,0))) -> 46310 | H46: =IF($T46="","",INDEX($BD$24:$BD$700,MATCH($T46,$AS$24:$AS$700,0))) -> 9 | I46: =IF($T46="","",INDEX($BF$24:$BF$700,MATCH($T46,$AS$24:$AS$700,0))) -> 8 | J46: =IF($T46="","",INDEX($BG$24:$BG$700,MATCH($T46,$AS$24:$AS$700,0))) -> 🟢 Theo kế hoạch | K46: =IF($T46="","",INDEX($BH$24:$BH$700,MATCH($T46,$AS$24:$AS$700,0))) -> Quá tải – tổng 20.0/8.0 giờ/ngày | L46: {=IF($T46="","",LET(m,MATCH($T46,$AS$24:$AS$700,0),lvl,INDEX($W$24:$W$700,m),id,INDEX($X$24:$X$700,m),SWITCH(lvl,3,"Lớp 3 - Công việc chính!A"&MATCH(id,'Lớp 3 - Công việc chính'!$I$1:$I$73,0),4,"Lớp 4 - Danh mục!A"&MATCH(id,'Lớp 4 - Danh mục'!$I$1:$I$132,0),5,"Lớp 5 - Phân công!A"&MATCH(id,'Lớp 5 - Phân công'!$I$1:$I$262,0),6,"Lớp 6 - Chi tiết!A"&MATCH(id,'Lớp 6 - Chi tiết'!$I$1:$I$267,0))))} -> Lớp 5 - Phân công!A30 | M46: =IF($T46="","",INDEX($BI$24:$BI$700,MATCH($T46,$AS$24:$AS$700,0))) -> 0.8 | N46: =IF($T46="","",INDEX($BJ$24:$BJ$700,MATCH($T46,$AS$24:$AS$700,0))) -> Thiếu 0.4 giờ/tuần | T46: =IFERROR(__xludf.DUMMYFUNCTION("""COMPUTED_VALUE"""),"03.04.02") -> 03.04.02 | U46: =IF('Lớp 3 - Công việc chính'!I36="","",'Lớp 3 - Công việc chính'!I36) -> HHL3DL08 | V46: =IF('Lớp 3 - Công việc chính'!I36="","","◆ "&'Lớp 3 - Công việc chính'!M36) -> ◆ XDHT xếp hàng lên container phục vụ XK | W46: =IF('Lớp 3 - Công việc chính'!I36="","",3) -> 3 | X46: ='Lớp 3 - Công việc chính'!I36 -> HHL3DL08 | Y46: =IF(X46="","","") | Z46: ='Lớp 3 - Công việc chính'!V36 -> Em Đại | AA46: ='Lớp 3 - Công việc chính'!W36 -> Dữ liệu điều hành | AB46: ='Lớp 3 - Công việc chính'!Y36 -> P3 | AC46: ='Lớp 3 - Công việc chính'!X36 -> Chưa bắt đầu | AD46: ='Lớp 3 - Công việc chính'!AC36 -> 0 | AE46: ='Lớp 3 - Công việc chính'!AA36 -> 46264 | AF46: ='Lớp 3 - Công việc chính'!AD36 -> 16 | AG46: ='Lớp 3 - Công việc chính'!AE36 -> 120 | AH46: =IF(AG46="","",AG46*(1-AD46)) -> 120 | AI46: =IF(AC46="Hoàn thành","🟢 Hoàn thành",IF(AC46="Hủy","⚪ Hủy",IF(AE46="","🔵 Chưa có hạn",IF(AE46<TODAY(),"🔴 Quá hạn",IF(AE46<=TODAY()+7,"🟠 Hạn ≤7 ngày",IF(AB46="P1","🟣 P1 trọng yếu","🟢 Theo kế hoạch")))))) -> 🟢 Theo kế hoạch | AJ46: ='Lớp 3 - Công việc chính'!AH36 -> Theo dõi tải tại Lớp 4 | AL46: =IF(AK46="","",COUNTIF($Z$24:$Z$700,AK46)) | AM46: =IF(AK46="","",SUMIF($Z$24:$Z$700,AK46,$BI$24:$BI$700)) | AN46: =IF(AK46="","",AM46+ROW()/1000000) | AS46: =IF(X46="","",TEXT(COUNTIF($X$24:X46,"<>"),"00")) -> 23 | AT46: =IF(W46=3,TRIM(SUBSTITUTE(V46,"◆","")),"") -> XDHT xếp hàng lên container phục vụ XK | AU46: =IF(W46=4,TRIM(SUBSTITUTE(V46,"├─","")),"") | AV46: =IF(W46=5,TRIM(SUBSTITUTE(V46,"├─","")),"") | AW46: =IF(W46=6,TRIM(SUBSTITUTE(SUBSTITUTE(V46,"└─",""),"├─","")),"") | AX46: =Z46 -> Em Đại | AY46: =AA46 -> Dữ liệu điều hành | AZ46: =AB46 -> P3 | BA46: =AC46 -> Chưa bắt đầu | BB46: =AD46 -> 0 | BC46: =AE46 -> 46264 | BD46: =AF46 -> 16 | BE46: =AG46 -> 120 | ... BH46: =AJ46 -> Theo dõi tải tại Lớp 4 | BI46: {=IF($X46="","",SWITCH($W46,3,IFERROR(INDEX('Lớp 3 - Công việc chính'!$AF$14:$AF$73,MATCH($X46,'Lớp 3 - Công việc chính'!$I$14:$I$73,0)),""),4,IFERROR(INDEX('Lớp 4 - Danh mục'!$AI$14:$AI$132,MATCH($X46,'Lớp 4 - Danh mục'!$I$14:$I$132,0)),""),5,IFERROR(INDEX('Lớp 5 - Phân công'!$AJ$14:$AJ$262,MATCH($X46,'Lớp 5 - Phân công'!$I$14:$I$262,0)),""),6,IFERROR(INDEX('Lớp 6 - Chi tiết'!$AM$14:$AM$267,MATCH($X46,'Lớp 6 - Chi tiết'!$I$14:$I$267,0)),""),""))} | BJ46: {=IF($X46="","",SWITCH($W46,3,IFERROR(INDEX('Lớp 3 - Công việc chính'!$AR$14:$AR$73,MATCH($X46,'Lớp 3 - Công việc chính'!$I$14:$I$73,0)),""),4,IFERROR(INDEX('Lớp 4 - Danh mục'!$AU$14:$AU$132,MATCH($X46,'Lớp 4 - Danh mục'!$I$14:$I$132,0)),""),5,IFERROR(INDEX('Lớp 5 - Phân công'!$AV$14:$AV$262,MATCH($X46,'Lớp 5 - Phân công'!$I$14:$I$262,0)),""),6,IFERROR(INDEX('Lớp 6 - Chi tiết'!$AY$14:$AY$267,MATCH($X46,'Lớp 6 - Chi tiết'!$I$14:$I$267,0)),""),""))} -> Theo dõi phân bổ tại Lớp 4
A47: =IF($T47="","",LET(p,$T47,m,MATCH(p,$AS$24:$AS$700,0),lvl,INDEX($W$24:$W$700,m),SWITCH(lvl,3,"▓▓ L3 "&p&" "&UPPER(IF(INDEX($AT$24:$AT$700,m)="","⚠ CHƯA NHẬP TÊN",INDEX($AT$24:$AT$700,m))),4," ├─ ▓ L4 "&p&" "&IF(INDEX($AU$24:$AU$700,m)="","⚠ Chưa nhập tên",INDEX($AU$24:$AU$700,m)),5," ├── ▒ L5 "&p&" "&IF(INDEX($AV$24:$AV$700,m)="","⚠ Chưa nhập tên công việc",INDEX($AV$24:$AV$700,m)),6," └─── ░ L6 "&p&" "&IF(INDEX($AW$24:$AW$700,m)="","⚠ Chưa nhập tên chi tiết",INDEX($AW$24:$AW$700,m)),""))) -> ├── ▒ L5 03.04.03 XD bảng Excel & HT phần mềm (chạy demo) Online | B47: =IF($T47="","",INDEX($AX$24:$AX$700,MATCH($T47,$AS$24:$AS$700,0))) -> Em Đại | C47: =IF($T47="","",INDEX($AY$24:$AY$700,MATCH($T47,$AS$24:$AS$700,0))) -> Dữ liệu điều hành | D47: =IF($T47="","",INDEX($AZ$24:$AZ$700,MATCH($T47,$AS$24:$AS$700,0))) -> P2 | E47: =IF($T47="","",INDEX($BA$24:$BA$700,MATCH($T47,$AS$24:$AS$700,0))) -> Chưa bắt đầu | F47: =IF($T47="","",INDEX($BB$24:$BB$700,MATCH($T47,$AS$24:$AS$700,0))) -> 0 | G47: =IF($T47="","",INDEX($BC$24:$BC$700,MATCH($T47,$AS$24:$AS$700,0))) -> 46275 | H47: =IF($T47="","",INDEX($BD$24:$BD$700,MATCH($T47,$AS$24:$AS$700,0))) -> 0 | I47: =IF($T47="","",INDEX($BF$24:$BF$700,MATCH($T47,$AS$24:$AS$700,0))) -> 24 | J47: =IF($T47="","",INDEX($BG$24:$BG$700,MATCH($T47,$AS$24:$AS$700,0))) -> 🟢 Theo kế hoạch | K47: =IF($T47="","",INDEX($BH$24:$BH$700,MATCH($T47,$AS$24:$AS$700,0))) -> Cận tải – tổng 7.2/8.0 giờ/ngày | L47: {=IF($T47="","",LET(m,MATCH($T47,$AS$24:$AS$700,0),lvl,INDEX($W$24:$W$700,m),id,INDEX($X$24:$X$700,m),SWITCH(lvl,3,"Lớp 3 - Công việc chính!A"&MATCH(id,'Lớp 3 - Công việc chính'!$I$1:$I$73,0),4,"Lớp 4 - Danh mục!A"&MATCH(id,'Lớp 4 - Danh mục'!$I$1:$I$132,0),5,"Lớp 5 - Phân công!A"&MATCH(id,'Lớp 5 - Phân công'!$I$1:$I$262,0),6,"Lớp 6 - Chi tiết!A"&MATCH(id,'Lớp 6 - Chi tiết'!$I$1:$I$267,0))))} -> Lớp 5 - Phân công!A31 | M47: =IF($T47="","",INDEX($BI$24:$BI$700,MATCH($T47,$AS$24:$AS$700,0))) -> 0.8 | N47: =IF($T47="","",INDEX($BJ$24:$BJ$700,MATCH($T47,$AS$24:$AS$700,0))) -> Thiếu 116.0 giờ/tuần | T47: =IFERROR(__xludf.DUMMYFUNCTION("""COMPUTED_VALUE"""),"03.04.03") -> 03.04.03 | U47: =IF('Lớp 3 - Công việc chính'!I37="","",'Lớp 3 - Công việc chính'!I37) -> HHL3DL09 | V47: =IF('Lớp 3 - Công việc chính'!I37="","","◆ "&'Lớp 3 - Công việc chính'!M37) -> ◆ Các CV hỗ trợ khác (cho LĐ & PB khác) | W47: =IF('Lớp 3 - Công việc chính'!I37="","",3) -> 3 | X47: ='Lớp 3 - Công việc chính'!I37 -> HHL3DL09 | Y47: =IF(X47="","","") | Z47: ='Lớp 3 - Công việc chính'!V37 -> Em Đại | AA47: ='Lớp 3 - Công việc chính'!W37 -> Dữ liệu điều hành | AB47: ='Lớp 3 - Công việc chính'!Y37 -> P1 | AC47: ='Lớp 3 - Công việc chính'!X37 -> Chưa bắt đầu | AD47: ='Lớp 3 - Công việc chính'!AC37 -> 0 | AE47: ='Lớp 3 - Công việc chính'!AA37 -> 46280 | AF47: ='Lớp 3 - Công việc chính'!AD37 | AG47: ='Lớp 3 - Công việc chính'!AE37 -> 360 | AH47: =IF(AG47="","",AG47*(1-AD47)) -> 360 | AI47: =IF(AC47="Hoàn thành","🟢 Hoàn thành",IF(AC47="Hủy","⚪ Hủy",IF(AE47="","🔵 Chưa có hạn",IF(AE47<TODAY(),"🔴 Quá hạn",IF(AE47<=TODAY()+7,"🟠 Hạn ≤7 ngày",IF(AB47="P1","🟣 P1 trọng yếu","🟢 Theo kế hoạch")))))) -> 🟣 P1 trọng yếu | AJ47: ='Lớp 3 - Công việc chính'!AH37 -> Chưa tính tải | AL47: =IF(AK47="","",COUNTIF($Z$24:$Z$700,AK47)) | AM47: =IF(AK47="","",SUMIF($Z$24:$Z$700,AK47,$BI$24:$BI$700)) | AN47: =IF(AK47="","",AM47+ROW()/1000000) | AS47: =IF(X47="","",TEXT(COUNTIF($X$24:X47,"<>"),"00")) -> 24 | AT47: =IF(W47=3,TRIM(SUBSTITUTE(V47,"◆","")),"") -> Các CV hỗ trợ khác (cho LĐ & PB khác) | AU47: =IF(W47=4,TRIM(SUBSTITUTE(V47,"├─","")),"") | AV47: =IF(W47=5,TRIM(SUBSTITUTE(V47,"├─","")),"") | AW47: =IF(W47=6,TRIM(SUBSTITUTE(SUBSTITUTE(V47,"└─",""),"├─","")),"") | AX47: =Z47 -> Em Đại | AY47: =AA47 -> Dữ liệu điều hành | AZ47: =AB47 -> P1 | BA47: =AC47 -> Chưa bắt đầu | BB47: =AD47 -> 0 | BC47: =AE47 -> 46280 | BD47: =AF47 | BE47: =AG47 -> 360 | ... BH47: =AJ47 -> Chưa tính tải | BI47: {=IF($X47="","",SWITCH($W47,3,IFERROR(INDEX('Lớp 3 - Công việc chính'!$AF$14:$AF$73,MATCH($X47,'Lớp 3 - Công việc chính'!$I$14:$I$73,0)),""),4,IFERROR(INDEX('Lớp 4 - Danh mục'!$AI$14:$AI$132,MATCH($X47,'Lớp 4 - Danh mục'!$I$14:$I$132,0)),""),5,IFERROR(INDEX('Lớp 5 - Phân công'!$AJ$14:$AJ$262,MATCH($X47,'Lớp 5 - Phân công'!$I$14:$I$262,0)),""),6,IFERROR(INDEX('Lớp 6 - Chi tiết'!$AM$14:$AM$267,MATCH($X47,'Lớp 6 - Chi tiết'!$I$14:$I$267,0)),""),""))} | BJ47: {=IF($X47="","",SWITCH($W47,3,IFERROR(INDEX('Lớp 3 - Công việc chính'!$AR$14:$AR$73,MATCH($X47,'Lớp 3 - Công việc chính'!$I$14:$I$73,0)),""),4,IFERROR(INDEX('Lớp 4 - Danh mục'!$AU$14:$AU$132,MATCH($X47,'Lớp 4 - Danh mục'!$I$14:$I$132,0)),""),5,IFERROR(INDEX('Lớp 5 - Phân công'!$AV$14:$AV$262,MATCH($X47,'Lớp 5 - Phân công'!$I$14:$I$262,0)),""),6,IFERROR(INDEX('Lớp 6 - Chi tiết'!$AY$14:$AY$267,MATCH($X47,'Lớp 6 - Chi tiết'!$I$14:$I$267,0)),""),""))} -> Theo dõi phân bổ tại Lớp 4
